genres,href,id,images,name,popularity,type,uri,external_urls.spotify,followers.href,followers.total,time_range
[],https://api.spotify.com/v1/artists/5Rl15oVamLq7FbSb0NNBNy,5Rl15oVamLq7FbSb0NNBNy,"[{'height': 640, 'url': 'https://i.scdn.co/image/ab6761610000e5eb87cde49a53cfbdbecf68fe02', 'width': 640}, {'height': 320, 'url': 'https://i.scdn.co/image/ab6761610000517487cde49a53cfbdbecf68fe02', 'width': 320}, {'height': 160, 'url': 'https://i.scdn.co/image/ab6761610000f17887cde49a53cfbdbecf68fe02', 'width': 160}]",5 Seconds of Summer,80,artist,spotify:artist:5Rl15oVamLq7FbSb0NNBNy,https://open.spotify.com/artist/5Rl15oVamLq7FbSb0NNBNy,,10256250,short_term
[],https://api.spotify.com/v1/artists/6zlR5ttMfMNmwf2lecU9Cc,6zlR5ttMfMNmwf2lecU9Cc,"[{'height': 640, 'url': 'https://i.scdn.co/image/ab6761610000e5eb4a3dfbf28e00c02d9d9494e8', 'width': 640}, {'height': 320, 'url': 'https://i.scdn.co/image/ab676161000051744a3dfbf28e00c02d9d9494e8', 'width': 320}, {'height': 160, 'url': 'https://i.scdn.co/image/ab6761610000f1784a3dfbf28e00c02d9d9494e8', 'width': 160}]",Sam Fender,75,artist,spotify:artist:6zlR5ttMfMNmwf2lecU9Cc,https://open.spotify.com/artist/6zlR5ttMfMNmwf2lecU9Cc,,1227899,short_term
[],https://api.spotify.com/v1/artists/5N5jf98OOEf3uAIJpi1deD,5N5jf98OOEf3uAIJpi1deD,"[{'height': 640, 'url': 'https://i.scdn.co/image/ab6761610000e5ebe9eaaa14a495e236f1d53fa6', 'width': 640}, {'height': 320, 'url': 'https://i.scdn.co/image/ab67616100005174e9eaaa14a495e236f1d53fa6', 'width': 320}, {'height': 160, 'url': 'https://i.scdn.co/image/ab6761610000f178e9eaaa14a495e236f1d53fa6', 'width': 160}]",The Royston Club,55,artist,spotify:artist:5N5jf98OOEf3uAIJpi1deD,https://open.spotify.com/artist/5N5jf98OOEf3uAIJpi1deD,,68966,short_term
['pop'],https://api.spotify.com/v1/artists/04gDigrS5kc9YWfZHwBETP,04gDigrS5kc9YWfZHwBETP,"[{'height': 640, 'url': 'https://i.scdn.co/image/ab6761610000e5ebf8349dfb619a7f842242de77', 'width': 640}, {'height': 320, 'url': 'https://i.scdn.co/image/ab67616100005174f8349dfb619a7f842242de77', 'width': 320}, {'height': 160, 'url': 'https://i.scdn.co/image/ab6761610000f178f8349dfb619a7f842242de77', 'width': 160}]",Maroon 5,87,artist,spotify:artist:04gDigrS5kc9YWfZHwBETP,https://open.spotify.com/artist/04gDigrS5kc9YWfZHwBETP,,46056077,short_term
['soundtrack'],https://api.spotify.com/v1/artists/71jzN72g8qWMCMkWC5p1Z0,71jzN72g8qWMCMkWC5p1Z0,"[{'height': 1000, 'url': 'https://i.scdn.co/image/ab6772690000c46cf9a8d4c2fbbdba7962061bf9', 'width': 1000}, {'height': 640, 'url': 'https://i.scdn.co/image/ab6772690000dd22f9a8d4c2fbbdba7962061bf9', 'width': 640}, {'height': 200, 'url': 'https://i.scdn.co/image/ab6772690000bac3f9a8d4c2fbbdba7962061bf9', 'width': 200}, {'height': 64, 'url': 'https://i.scdn.co/image/ab67726900008f74f9a8d4c2fbbdba7962061bf9', 'width': 64}]",Alexandre Desplat,64,artist,spotify:artist:71jzN72g8qWMCMkWC5p1Z0,https://open.spotify.com/artist/71jzN72g8qWMCMkWC5p1Z0,,348112,short_term
[],https://api.spotify.com/v1/artists/2Wm8x8bHxzCPLzp6k7IsLs,2Wm8x8bHxzCPLzp6k7IsLs,"[{'height': 640, 'url': 'https://i.scdn.co/image/ab6761610000e5ebe8cc58fbef2e59a6064ef198', 'width': 640}, {'height': 320, 'url': 'https://i.scdn.co/image/ab67616100005174e8cc58fbef2e59a6064ef198', 'width': 320}, {'height': 160, 'url': 'https://i.scdn.co/image/ab6761610000f178e8cc58fbef2e59a6064ef198', 'width': 160}]",Dress & Tie,44,artist,spotify:artist:2Wm8x8bHxzCPLzp6k7IsLs,https://open.spotify.com/artist/2Wm8x8bHxzCPLzp6k7IsLs,,4754,short_term
[],https://api.spotify.com/v1/artists/08tfDO4dSrwxax35a3HIMC,08tfDO4dSrwxax35a3HIMC,"[{'height': 640, 'url': 'https://i.scdn.co/image/ab6761610000e5eb1d5fb5b560b966ca1177aefe', 'width': 640}, {'height': 320, 'url': 'https://i.scdn.co/image/ab676161000051741d5fb5b560b966ca1177aefe', 'width': 320}, {'height': 160, 'url': 'https://i.scdn.co/image/ab6761610000f1781d5fb5b560b966ca1177aefe', 'width': 160}]",Toshifumi Hinata,54,artist,spotify:artist:08tfDO4dSrwxax35a3HIMC,https://open.spotify.com/artist/08tfDO4dSrwxax35a3HIMC,,114191,short_term
[],https://api.spotify.com/v1/artists/0BNz24TKUn8Ov1ApFkLzA1,0BNz24TKUn8Ov1ApFkLzA1,"[{'height': 640, 'url': 'https://i.scdn.co/image/ab6761610000e5eb5dccbebbfca783199e7a4aa6', 'width': 640}, {'height': 320, 'url': 'https://i.scdn.co/image/ab676161000051745dccbebbfca783199e7a4aa6', 'width': 320}, {'height': 160, 'url': 'https://i.scdn.co/image/ab6761610000f1785dccbebbfca783199e7a4aa6', 'width': 160}]",Emile Mosseri,62,artist,spotify:artist:0BNz24TKUn8Ov1ApFkLzA1,https://open.spotify.com/artist/0BNz24TKUn8Ov1ApFkLzA1,,111869,short_term
[],https://api.spotify.com/v1/artists/6xLdhnXNYGeEckWv3Pp8nq,6xLdhnXNYGeEckWv3Pp8nq,"[{'height': 640, 'url': 'https://i.scdn.co/image/ab67616d0000b273b0730ee8b8ac046e1f5f750d', 'width': 640}, {'height': 300, 'url': 'https://i.scdn.co/image/ab67616d00001e02b0730ee8b8ac046e1f5f750d', 'width': 300}, {'height': 64, 'url': 'https://i.scdn.co/image/ab67616d00004851b0730ee8b8ac046e1f5f750d', 'width': 64}]",Over the Garden Wall,54,artist,spotify:artist:6xLdhnXNYGeEckWv3Pp8nq,https://open.spotify.com/artist/6xLdhnXNYGeEckWv3Pp8nq,,3008,short_term
['indie'],https://api.spotify.com/v1/artists/0NIPkIjTV8mB795yEIiPYL,0NIPkIjTV8mB795yEIiPYL,"[{'height': 640, 'url': 'https://i.scdn.co/image/ab6761610000e5ebfde4e7d59f6d8868e2ffdaf5', 'width': 640}, {'height': 320, 'url': 'https://i.scdn.co/image/ab67616100005174fde4e7d59f6d8868e2ffdaf5', 'width': 320}, {'height': 160, 'url': 'https://i.scdn.co/image/ab6761610000f178fde4e7d59f6d8868e2ffdaf5', 'width': 160}]",Wallows,69,artist,spotify:artist:0NIPkIjTV8mB795yEIiPYL,https://open.spotify.com/artist/0NIPkIjTV8mB795yEIiPYL,,3009472,short_term
[],https://api.spotify.com/v1/artists/2sXnk24vARe4jxHbd1HbEq,2sXnk24vARe4jxHbd1HbEq,"[{'height': 640, 'url': 'https://i.scdn.co/image/ab6761610000e5eb3e97fe0da37fbc6ef6466905', 'width': 640}, {'height': 320, 'url': 'https://i.scdn.co/image/ab676161000051743e97fe0da37fbc6ef6466905', 'width': 320}, {'height': 160, 'url': 'https://i.scdn.co/image/ab6761610000f1783e97fe0da37fbc6ef6466905', 'width': 160}]",Million Eyes,57,artist,spotify:artist:2sXnk24vARe4jxHbd1HbEq,https://open.spotify.com/artist/2sXnk24vARe4jxHbd1HbEq,,39943,short_term
[],https://api.spotify.com/v1/artists/1KP6TWI40m7p3QBTU6u2xo,1KP6TWI40m7p3QBTU6u2xo,"[{'height': 640, 'url': 'https://i.scdn.co/image/ab6761610000e5eb252d35c84fb363ff13fc0026', 'width': 640}, {'height': 320, 'url': 'https://i.scdn.co/image/ab67616100005174252d35c84fb363ff13fc0026', 'width': 320}, {'height': 160, 'url': 'https://i.scdn.co/image/ab6761610000f178252d35c84fb363ff13fc0026', 'width': 160}]",BØRNS,67,artist,spotify:artist:1KP6TWI40m7p3QBTU6u2xo,https://open.spotify.com/artist/1KP6TWI40m7p3QBTU6u2xo,,1379491,short_term
[],https://api.spotify.com/v1/artists/26T3LtbuGT1Fu9m0eRq5X3,26T3LtbuGT1Fu9m0eRq5X3,"[{'height': 640, 'url': 'https://i.scdn.co/image/ab6761610000e5eb766df8f443e0160f7b35545d', 'width': 640}, {'height': 320, 'url': 'https://i.scdn.co/image/ab67616100005174766df8f443e0160f7b35545d', 'width': 320}, {'height': 160, 'url': 'https://i.scdn.co/image/ab6761610000f178766df8f443e0160f7b35545d', 'width': 160}]",Cage The Elephant,74,artist,spotify:artist:26T3LtbuGT1Fu9m0eRq5X3,https://open.spotify.com/artist/26T3LtbuGT1Fu9m0eRq5X3,,4321337,short_term
[],https://api.spotify.com/v1/artists/6lyMYewq2SuTFIXgiv7OxH,6lyMYewq2SuTFIXgiv7OxH,"[{'height': 640, 'url': 'https://i.scdn.co/image/ab6761610000e5eba51b91e0d60c8b172f82e213', 'width': 640}, {'height': 320, 'url': 'https://i.scdn.co/image/ab67616100005174a51b91e0d60c8b172f82e213', 'width': 320}, {'height': 160, 'url': 'https://i.scdn.co/image/ab6761610000f178a51b91e0d60c8b172f82e213', 'width': 160}]",Inhaler,60,artist,spotify:artist:6lyMYewq2SuTFIXgiv7OxH,https://open.spotify.com/artist/6lyMYewq2SuTFIXgiv7OxH,,511908,short_term
[],https://api.spotify.com/v1/artists/7FKTg75ADVMZgY3P9ZMRtH,7FKTg75ADVMZgY3P9ZMRtH,"[{'height': 640, 'url': 'https://i.scdn.co/image/ab6761610000e5eb724cced4ad8949fd70698843', 'width': 640}, {'height': 320, 'url': 'https://i.scdn.co/image/ab67616100005174724cced4ad8949fd70698843', 'width': 320}, {'height': 160, 'url': 'https://i.scdn.co/image/ab6761610000f178724cced4ad8949fd70698843', 'width': 160}]",flipturn,61,artist,spotify:artist:7FKTg75ADVMZgY3P9ZMRtH,https://open.spotify.com/artist/7FKTg75ADVMZgY3P9ZMRtH,,272063,short_term
[],https://api.spotify.com/v1/artists/02MhYKsdx702etMa6tIDEA,02MhYKsdx702etMa6tIDEA,"[{'height': 640, 'url': 'https://i.scdn.co/image/ab6761610000e5eb0c55faa61daa688a14f68e06', 'width': 640}, {'height': 320, 'url': 'https://i.scdn.co/image/ab676161000051740c55faa61daa688a14f68e06', 'width': 320}, {'height': 160, 'url': 'https://i.scdn.co/image/ab6761610000f1780c55faa61daa688a14f68e06', 'width': 160}]",Permanent (Joy),27,artist,spotify:artist:02MhYKsdx702etMa6tIDEA,https://open.spotify.com/artist/02MhYKsdx702etMa6tIDEA,,4245,short_term
['alternative rock'],https://api.spotify.com/v1/artists/0C0XlULifJtAgn6ZNCW2eu,0C0XlULifJtAgn6ZNCW2eu,"[{'height': 640, 'url': 'https://i.scdn.co/image/ab6761610000e5eb207b21f3ed0ee96adce3166a', 'width': 640}, {'height': 320, 'url': 'https://i.scdn.co/image/ab67616100005174207b21f3ed0ee96adce3166a', 'width': 320}, {'height': 160, 'url': 'https://i.scdn.co/image/ab6761610000f178207b21f3ed0ee96adce3166a', 'width': 160}]",The Killers,79,artist,spotify:artist:0C0XlULifJtAgn6ZNCW2eu,https://open.spotify.com/artist/0C0XlULifJtAgn6ZNCW2eu,,8070491,short_term
[],https://api.spotify.com/v1/artists/1kL35cnfsVSfKJ6xLk0K9f,1kL35cnfsVSfKJ6xLk0K9f,"[{'height': 640, 'url': 'https://i.scdn.co/image/ab6761610000e5eb11adc50bde76991169a9531e', 'width': 640}, {'height': 320, 'url': 'https://i.scdn.co/image/ab6761610000517411adc50bde76991169a9531e', 'width': 320}, {'height': 160, 'url': 'https://i.scdn.co/image/ab6761610000f17811adc50bde76991169a9531e', 'width': 160}]",Cardinal Bloom,45,artist,spotify:artist:1kL35cnfsVSfKJ6xLk0K9f,https://open.spotify.com/artist/1kL35cnfsVSfKJ6xLk0K9f,,20163,short_term
[],https://api.spotify.com/v1/artists/2VlmDb05CPERyCZfmZI3x7,2VlmDb05CPERyCZfmZI3x7,"[{'height': 640, 'url': 'https://i.scdn.co/image/ab6761610000e5ebc8370c45a235c7f74b813d5e', 'width': 640}, {'height': 320, 'url': 'https://i.scdn.co/image/ab67616100005174c8370c45a235c7f74b813d5e', 'width': 320}, {'height': 160, 'url': 'https://i.scdn.co/image/ab6761610000f178c8370c45a235c7f74b813d5e', 'width': 160}]",Dogpark,51,artist,spotify:artist:2VlmDb05CPERyCZfmZI3x7,https://open.spotify.com/artist/2VlmDb05CPERyCZfmZI3x7,,62349,short_term
[],https://api.spotify.com/v1/artists/2y3PEaAgTdxYfbyeSXORv8,2y3PEaAgTdxYfbyeSXORv8,"[{'height': 640, 'url': 'https://i.scdn.co/image/ab6761610000e5eb868b93ca69196c59226eabc0', 'width': 640}, {'height': 320, 'url': 'https://i.scdn.co/image/ab67616100005174868b93ca69196c59226eabc0', 'width': 320}, {'height': 160, 'url': 'https://i.scdn.co/image/ab6761610000f178868b93ca69196c59226eabc0', 'width': 160}]",overpass,44,artist,spotify:artist:2y3PEaAgTdxYfbyeSXORv8,https://open.spotify.com/artist/2y3PEaAgTdxYfbyeSXORv8,,26647,short_term
['funk rock'],https://api.spotify.com/v1/artists/3BRSFkEbxBXsZASWPOMOuP,3BRSFkEbxBXsZASWPOMOuP,"[{'height': 640, 'url': 'https://i.scdn.co/image/ab6761610000e5eb69a15da3b173ea8eba0fc76d', 'width': 640}, {'height': 320, 'url': 'https://i.scdn.co/image/ab6761610000517469a15da3b173ea8eba0fc76d', 'width': 320}, {'height': 160, 'url': 'https://i.scdn.co/image/ab6761610000f17869a15da3b173ea8eba0fc76d', 'width': 160}]",Post Sex Nachos,41,artist,spotify:artist:3BRSFkEbxBXsZASWPOMOuP,https://open.spotify.com/artist/3BRSFkEbxBXsZASWPOMOuP,,23784,short_term
['neoclassical'],https://api.spotify.com/v1/artists/3IpQziA6YwD53PQ5xbwgLF,3IpQziA6YwD53PQ5xbwgLF,"[{'height': 640, 'url': 'https://i.scdn.co/image/ab6761610000e5ebd48e69f1a6285f43905ad89b', 'width': 640}, {'height': 320, 'url': 'https://i.scdn.co/image/ab67616100005174d48e69f1a6285f43905ad89b', 'width': 320}, {'height': 160, 'url': 'https://i.scdn.co/image/ab6761610000f178d48e69f1a6285f43905ad89b', 'width': 160}]",Jóhann Jóhannsson,62,artist,spotify:artist:3IpQziA6YwD53PQ5xbwgLF,https://open.spotify.com/artist/3IpQziA6YwD53PQ5xbwgLF,,315743,short_term
['indie'],https://api.spotify.com/v1/artists/5b5bt4mZQpJMoCRbiQ7diH,5b5bt4mZQpJMoCRbiQ7diH,"[{'height': 640, 'url': 'https://i.scdn.co/image/ab6761610000e5ebab79a6385448318e8944d1ff', 'width': 640}, {'height': 320, 'url': 'https://i.scdn.co/image/ab67616100005174ab79a6385448318e8944d1ff', 'width': 320}, {'height': 160, 'url': 'https://i.scdn.co/image/ab6761610000f178ab79a6385448318e8944d1ff', 'width': 160}]",Royel Otis,75,artist,spotify:artist:5b5bt4mZQpJMoCRbiQ7diH,https://open.spotify.com/artist/5b5bt4mZQpJMoCRbiQ7diH,,600271,short_term
[],https://api.spotify.com/v1/artists/5p00nwfrUcZvA9WbXZeQOk,5p00nwfrUcZvA9WbXZeQOk,"[{'height': 640, 'url': 'https://i.scdn.co/image/ab6761610000e5ebda5e09e1421fb323d8a974dc', 'width': 640}, {'height': 320, 'url': 'https://i.scdn.co/image/ab67616100005174da5e09e1421fb323d8a974dc', 'width': 320}, {'height': 160, 'url': 'https://i.scdn.co/image/ab6761610000f178da5e09e1421fb323d8a974dc', 'width': 160}]",moondoggy,48,artist,spotify:artist:5p00nwfrUcZvA9WbXZeQOk,https://open.spotify.com/artist/5p00nwfrUcZvA9WbXZeQOk,,12294,short_term
[],https://api.spotify.com/v1/artists/6fC2AcsQtd9h4BWELbbire,6fC2AcsQtd9h4BWELbbire,"[{'height': 640, 'url': 'https://i.scdn.co/image/ab6761610000e5eb0206d13230ade13d3e4255ba', 'width': 640}, {'height': 320, 'url': 'https://i.scdn.co/image/ab676161000051740206d13230ade13d3e4255ba', 'width': 320}, {'height': 160, 'url': 'https://i.scdn.co/image/ab6761610000f1780206d13230ade13d3e4255ba', 'width': 160}]",Peach Pit,61,artist,spotify:artist:6fC2AcsQtd9h4BWELbbire,https://open.spotify.com/artist/6fC2AcsQtd9h4BWELbbire,,888931,short_term
[],https://api.spotify.com/v1/artists/7n0i6RECXvCkOElGs6IP97,7n0i6RECXvCkOElGs6IP97,"[{'height': 640, 'url': 'https://i.scdn.co/image/ab6761610000e5eb4765c93e317ab77395d1a5f2', 'width': 640}, {'height': 320, 'url': 'https://i.scdn.co/image/ab676161000051744765c93e317ab77395d1a5f2', 'width': 320}, {'height': 160, 'url': 'https://i.scdn.co/image/ab6761610000f1784765c93e317ab77395d1a5f2', 'width': 160}]",Rec Hall,43,artist,spotify:artist:7n0i6RECXvCkOElGs6IP97,https://open.spotify.com/artist/7n0i6RECXvCkOElGs6IP97,,21259,short_term
[],https://api.spotify.com/v1/artists/0YhUSm86okLWldQVwJkLlP,0YhUSm86okLWldQVwJkLlP,"[{'height': 640, 'url': 'https://i.scdn.co/image/ab6761610000e5eb14bdca85282f9980069cc350', 'width': 640}, {'height': 320, 'url': 'https://i.scdn.co/image/ab6761610000517414bdca85282f9980069cc350', 'width': 320}, {'height': 160, 'url': 'https://i.scdn.co/image/ab6761610000f17814bdca85282f9980069cc350', 'width': 160}]",Bad Suns,56,artist,spotify:artist:0YhUSm86okLWldQVwJkLlP,https://open.spotify.com/artist/0YhUSm86okLWldQVwJkLlP,,499398,short_term
[],https://api.spotify.com/v1/artists/0xPoVNPnxIIUS1vrxAYV00,0xPoVNPnxIIUS1vrxAYV00,"[{'height': 640, 'url': 'https://i.scdn.co/image/ab6761610000e5eb756c9f2be6294d04107ae215', 'width': 640}, {'height': 320, 'url': 'https://i.scdn.co/image/ab67616100005174756c9f2be6294d04107ae215', 'width': 320}, {'height': 160, 'url': 'https://i.scdn.co/image/ab6761610000f178756c9f2be6294d04107ae215', 'width': 160}]",Del Water Gap,64,artist,spotify:artist:0xPoVNPnxIIUS1vrxAYV00,https://open.spotify.com/artist/0xPoVNPnxIIUS1vrxAYV00,,285360,short_term
[],https://api.spotify.com/v1/artists/1qChcfwij4nN6hsCLTKBJX,1qChcfwij4nN6hsCLTKBJX,"[{'height': 640, 'url': 'https://i.scdn.co/image/ab6761610000e5eb800ef5fa668ea3eea958aa1b', 'width': 640}, {'height': 320, 'url': 'https://i.scdn.co/image/ab67616100005174800ef5fa668ea3eea958aa1b', 'width': 320}, {'height': 160, 'url': 'https://i.scdn.co/image/ab6761610000f178800ef5fa668ea3eea958aa1b', 'width': 160}]",Kids That Fly,46,artist,spotify:artist:1qChcfwij4nN6hsCLTKBJX,https://open.spotify.com/artist/1qChcfwij4nN6hsCLTKBJX,,37617,short_term
[],https://api.spotify.com/v1/artists/2HkSsS8O2U2gPhnCGVN5vn,2HkSsS8O2U2gPhnCGVN5vn,"[{'height': 640, 'url': 'https://i.scdn.co/image/ab6761610000e5eb20d75570b0e6c6e124d2a3fa', 'width': 640}, {'height': 320, 'url': 'https://i.scdn.co/image/ab6761610000517420d75570b0e6c6e124d2a3fa', 'width': 320}, {'height': 160, 'url': 'https://i.scdn.co/image/ab6761610000f17820d75570b0e6c6e124d2a3fa', 'width': 160}]",BETWEEN FRIENDS,62,artist,spotify:artist:2HkSsS8O2U2gPhnCGVN5vn,https://open.spotify.com/artist/2HkSsS8O2U2gPhnCGVN5vn,,332374,short_term
[],https://api.spotify.com/v1/artists/2WosnSaZPybvQfyGUvD3NX,2WosnSaZPybvQfyGUvD3NX,"[{'height': 640, 'url': 'https://i.scdn.co/image/ab6761610000e5ebce399ad7547d8ee3b7fc86a0', 'width': 640}, {'height': 320, 'url': 'https://i.scdn.co/image/ab67616100005174ce399ad7547d8ee3b7fc86a0', 'width': 320}, {'height': 160, 'url': 'https://i.scdn.co/image/ab6761610000f178ce399ad7547d8ee3b7fc86a0', 'width': 160}]",Super Guitar Bros,48,artist,spotify:artist:2WosnSaZPybvQfyGUvD3NX,https://open.spotify.com/artist/2WosnSaZPybvQfyGUvD3NX,,43753,short_term
[],https://api.spotify.com/v1/artists/2g2HWripkxzRZDZJ4KTBSB,2g2HWripkxzRZDZJ4KTBSB,"[{'height': 640, 'url': 'https://i.scdn.co/image/ab6761610000e5ebbe3846f0eef506400091a3e6', 'width': 640}, {'height': 320, 'url': 'https://i.scdn.co/image/ab67616100005174be3846f0eef506400091a3e6', 'width': 320}, {'height': 160, 'url': 'https://i.scdn.co/image/ab6761610000f178be3846f0eef506400091a3e6', 'width': 160}]",Rebounder,44,artist,spotify:artist:2g2HWripkxzRZDZJ4KTBSB,https://open.spotify.com/artist/2g2HWripkxzRZDZJ4KTBSB,,35175,short_term
[],https://api.spotify.com/v1/artists/2wMknlekLTOb4vRWn61NO5,2wMknlekLTOb4vRWn61NO5,"[{'height': 640, 'url': 'https://i.scdn.co/image/ab6761610000e5ebc12e3f4dacc36924b515b6f5', 'width': 640}, {'height': 320, 'url': 'https://i.scdn.co/image/ab67616100005174c12e3f4dacc36924b515b6f5', 'width': 320}, {'height': 160, 'url': 'https://i.scdn.co/image/ab6761610000f178c12e3f4dacc36924b515b6f5', 'width': 160}]",The Backfires,33,artist,spotify:artist:2wMknlekLTOb4vRWn61NO5,https://open.spotify.com/artist/2wMknlekLTOb4vRWn61NO5,,22439,short_term
[],https://api.spotify.com/v1/artists/3xc0dLvxU2nAYefEJdDVBw,3xc0dLvxU2nAYefEJdDVBw,"[{'height': 640, 'url': 'https://i.scdn.co/image/ab6761610000e5eb9cd6e8bfc1ccc2ce904542be', 'width': 640}, {'height': 320, 'url': 'https://i.scdn.co/image/ab676161000051749cd6e8bfc1ccc2ce904542be', 'width': 320}, {'height': 160, 'url': 'https://i.scdn.co/image/ab6761610000f1789cd6e8bfc1ccc2ce904542be', 'width': 160}]",Never Ending Fall,39,artist,spotify:artist:3xc0dLvxU2nAYefEJdDVBw,https://open.spotify.com/artist/3xc0dLvxU2nAYefEJdDVBw,,25204,short_term
[],https://api.spotify.com/v1/artists/41pd7r1XBRsvdxY3vHEgib,41pd7r1XBRsvdxY3vHEgib,"[{'height': 640, 'url': 'https://i.scdn.co/image/ab6761610000e5eb0e05e549428cb38b2f3e7a60', 'width': 640}, {'height': 320, 'url': 'https://i.scdn.co/image/ab676161000051740e05e549428cb38b2f3e7a60', 'width': 320}, {'height': 160, 'url': 'https://i.scdn.co/image/ab6761610000f1780e05e549428cb38b2f3e7a60', 'width': 160}]",Wunderhorse,61,artist,spotify:artist:41pd7r1XBRsvdxY3vHEgib,https://open.spotify.com/artist/41pd7r1XBRsvdxY3vHEgib,,226514,short_term
[],https://api.spotify.com/v1/artists/42FzVuyJH8YbkhzWSR2n8E,42FzVuyJH8YbkhzWSR2n8E,"[{'height': 640, 'url': 'https://i.scdn.co/image/ab6761610000e5eb76229f377eac78b8cfe6ffdf', 'width': 640}, {'height': 320, 'url': 'https://i.scdn.co/image/ab6761610000517476229f377eac78b8cfe6ffdf', 'width': 320}, {'height': 160, 'url': 'https://i.scdn.co/image/ab6761610000f17876229f377eac78b8cfe6ffdf', 'width': 160}]",almost monday,62,artist,spotify:artist:42FzVuyJH8YbkhzWSR2n8E,https://open.spotify.com/artist/42FzVuyJH8YbkhzWSR2n8E,,181395,short_term
[],https://api.spotify.com/v1/artists/4AGNJdJiVltImYk1UTLE0K,4AGNJdJiVltImYk1UTLE0K,"[{'height': 640, 'url': 'https://i.scdn.co/image/ab6761610000e5ebdccb94438a3983d26c2b7529', 'width': 640}, {'height': 320, 'url': 'https://i.scdn.co/image/ab67616100005174dccb94438a3983d26c2b7529', 'width': 320}, {'height': 160, 'url': 'https://i.scdn.co/image/ab6761610000f178dccb94438a3983d26c2b7529', 'width': 160}]",Sports,62,artist,spotify:artist:4AGNJdJiVltImYk1UTLE0K,https://open.spotify.com/artist/4AGNJdJiVltImYk1UTLE0K,,241060,short_term
[],https://api.spotify.com/v1/artists/4iyP4VOGOLzbt2Vxcyu6zG,4iyP4VOGOLzbt2Vxcyu6zG,"[{'height': 640, 'url': 'https://i.scdn.co/image/ab6761610000e5eb5237bb6671a351537c465595', 'width': 640}, {'height': 320, 'url': 'https://i.scdn.co/image/ab676161000051745237bb6671a351537c465595', 'width': 320}, {'height': 160, 'url': 'https://i.scdn.co/image/ab6761610000f1785237bb6671a351537c465595', 'width': 160}]",Winyah,53,artist,spotify:artist:4iyP4VOGOLzbt2Vxcyu6zG,https://open.spotify.com/artist/4iyP4VOGOLzbt2Vxcyu6zG,,29718,short_term
[],https://api.spotify.com/v1/artists/4paO0IcImRazkM6c1RUt48,4paO0IcImRazkM6c1RUt48,"[{'height': 640, 'url': 'https://i.scdn.co/image/ab6761610000e5eb875dfa1d6418990c9067ae90', 'width': 640}, {'height': 320, 'url': 'https://i.scdn.co/image/ab67616100005174875dfa1d6418990c9067ae90', 'width': 320}, {'height': 160, 'url': 'https://i.scdn.co/image/ab6761610000f178875dfa1d6418990c9067ae90', 'width': 160}]",The Blasting Company,56,artist,spotify:artist:4paO0IcImRazkM6c1RUt48,https://open.spotify.com/artist/4paO0IcImRazkM6c1RUt48,,52664,short_term
[],https://api.spotify.com/v1/artists/6LuN9FCkKOj5PcnpouEgny,6LuN9FCkKOj5PcnpouEgny,"[{'height': 640, 'url': 'https://i.scdn.co/image/ab6761610000e5eb8f77c3eddc1869e9542b04bc', 'width': 640}, {'height': 320, 'url': 'https://i.scdn.co/image/ab676161000051748f77c3eddc1869e9542b04bc', 'width': 320}, {'height': 160, 'url': 'https://i.scdn.co/image/ab6761610000f1788f77c3eddc1869e9542b04bc', 'width': 160}]",Khalid,83,artist,spotify:artist:6LuN9FCkKOj5PcnpouEgny,https://open.spotify.com/artist/6LuN9FCkKOj5PcnpouEgny,,16996017,short_term
[],https://api.spotify.com/v1/artists/6O9vGMmTwzihULICPCsNf2,6O9vGMmTwzihULICPCsNf2,"[{'height': 640, 'url': 'https://i.scdn.co/image/ab6761610000e5eb871bccd59b468f93c4650066', 'width': 640}, {'height': 320, 'url': 'https://i.scdn.co/image/ab67616100005174871bccd59b468f93c4650066', 'width': 320}, {'height': 160, 'url': 'https://i.scdn.co/image/ab6761610000f178871bccd59b468f93c4650066', 'width': 160}]",Balu Brigada,66,artist,spotify:artist:6O9vGMmTwzihULICPCsNf2,https://open.spotify.com/artist/6O9vGMmTwzihULICPCsNf2,,198604,short_term
[],https://api.spotify.com/v1/artists/6eJa3zG1QZLRB3xgRuyxbm,6eJa3zG1QZLRB3xgRuyxbm,"[{'height': 640, 'url': 'https://i.scdn.co/image/ab6761610000e5eb70bbb7950edf20fc5847de6c', 'width': 640}, {'height': 320, 'url': 'https://i.scdn.co/image/ab6761610000517470bbb7950edf20fc5847de6c', 'width': 320}, {'height': 160, 'url': 'https://i.scdn.co/image/ab6761610000f17870bbb7950edf20fc5847de6c', 'width': 160}]",Dayglow,62,artist,spotify:artist:6eJa3zG1QZLRB3xgRuyxbm,https://open.spotify.com/artist/6eJa3zG1QZLRB3xgRuyxbm,,1070666,short_term
['indie'],https://api.spotify.com/v1/artists/77mJc3M7ZT5oOVM7gNdXim,77mJc3M7ZT5oOVM7gNdXim,"[{'height': 640, 'url': 'https://i.scdn.co/image/ab6761610000e5eb6e339cf31f00e472b1ddd1c5', 'width': 640}, {'height': 320, 'url': 'https://i.scdn.co/image/ab676161000051746e339cf31f00e472b1ddd1c5', 'width': 320}, {'height': 160, 'url': 'https://i.scdn.co/image/ab6761610000f1786e339cf31f00e472b1ddd1c5', 'width': 160}]",Her's,65,artist,spotify:artist:77mJc3M7ZT5oOVM7gNdXim,https://open.spotify.com/artist/77mJc3M7ZT5oOVM7gNdXim,,1212579,short_term
['pop soul'],https://api.spotify.com/v1/artists/00x1fYSGhdqScXBRpSj3DW,00x1fYSGhdqScXBRpSj3DW,"[{'height': 640, 'url': 'https://i.scdn.co/image/ab6761610000e5eb5c7577ad44daeb7ce4b941a1', 'width': 640}, {'height': 320, 'url': 'https://i.scdn.co/image/ab676161000051745c7577ad44daeb7ce4b941a1', 'width': 320}, {'height': 160, 'url': 'https://i.scdn.co/image/ab6761610000f1785c7577ad44daeb7ce4b941a1', 'width': 160}]",Olivia Dean,91,artist,spotify:artist:00x1fYSGhdqScXBRpSj3DW,https://open.spotify.com/artist/00x1fYSGhdqScXBRpSj3DW,,2020581,short_term
['indie'],https://api.spotify.com/v1/artists/0Ya43ZKWHTKkAbkoJJkwIB,0Ya43ZKWHTKkAbkoJJkwIB,"[{'height': 640, 'url': 'https://i.scdn.co/image/ab6761610000e5eb4eb9a8e62a4cfcdf61c4a03a', 'width': 640}, {'height': 320, 'url': 'https://i.scdn.co/image/ab676161000051744eb9a8e62a4cfcdf61c4a03a', 'width': 320}, {'height': 160, 'url': 'https://i.scdn.co/image/ab6761610000f1784eb9a8e62a4cfcdf61c4a03a', 'width': 160}]",The Wombats,63,artist,spotify:artist:0Ya43ZKWHTKkAbkoJJkwIB,https://open.spotify.com/artist/0Ya43ZKWHTKkAbkoJJkwIB,,1113921,short_term
[],https://api.spotify.com/v1/artists/2FKnkloMDcNrUeLDfQJf8i,2FKnkloMDcNrUeLDfQJf8i,"[{'height': 640, 'url': 'https://i.scdn.co/image/ab6761610000e5eb04e751498cba739d4c00c018', 'width': 640}, {'height': 320, 'url': 'https://i.scdn.co/image/ab6761610000517404e751498cba739d4c00c018', 'width': 320}, {'height': 160, 'url': 'https://i.scdn.co/image/ab6761610000f17804e751498cba739d4c00c018', 'width': 160}]",West 22nd,53,artist,spotify:artist:2FKnkloMDcNrUeLDfQJf8i,https://open.spotify.com/artist/2FKnkloMDcNrUeLDfQJf8i,,30491,short_term
[],https://api.spotify.com/v1/artists/2cWGltn2fZoaAiIhuQyw5h,2cWGltn2fZoaAiIhuQyw5h,"[{'height': 640, 'url': 'https://i.scdn.co/image/ab6761610000e5eba2621b6b39c6b9894a026691', 'width': 640}, {'height': 320, 'url': 'https://i.scdn.co/image/ab67616100005174a2621b6b39c6b9894a026691', 'width': 320}, {'height': 160, 'url': 'https://i.scdn.co/image/ab6761610000f178a2621b6b39c6b9894a026691', 'width': 160}]",The Manatees,30,artist,spotify:artist:2cWGltn2fZoaAiIhuQyw5h,https://open.spotify.com/artist/2cWGltn2fZoaAiIhuQyw5h,,7290,short_term
[],https://api.spotify.com/v1/artists/4OyAwz3jcZcejoUd3bc5Qt,4OyAwz3jcZcejoUd3bc5Qt,"[{'height': 640, 'url': 'https://i.scdn.co/image/ab6761610000e5ebaa57e402a99dbc5bc7a4d676', 'width': 640}, {'height': 320, 'url': 'https://i.scdn.co/image/ab67616100005174aa57e402a99dbc5bc7a4d676', 'width': 320}, {'height': 160, 'url': 'https://i.scdn.co/image/ab6761610000f178aa57e402a99dbc5bc7a4d676', 'width': 160}]",The Kilans,46,artist,spotify:artist:4OyAwz3jcZcejoUd3bc5Qt,https://open.spotify.com/artist/4OyAwz3jcZcejoUd3bc5Qt,,27485,short_term
[],https://api.spotify.com/v1/artists/4j56EQDQu5XnL7R3E9iFJT,4j56EQDQu5XnL7R3E9iFJT,"[{'height': 640, 'url': 'https://i.scdn.co/image/ab6761610000e5ebe1af1323b5e4017f8bfcb2b3', 'width': 640}, {'height': 320, 'url': 'https://i.scdn.co/image/ab67616100005174e1af1323b5e4017f8bfcb2b3', 'width': 320}, {'height': 160, 'url': 'https://i.scdn.co/image/ab6761610000f178e1af1323b5e4017f8bfcb2b3', 'width': 160}]",Young the Giant,66,artist,spotify:artist:4j56EQDQu5XnL7R3E9iFJT,https://open.spotify.com/artist/4j56EQDQu5XnL7R3E9iFJT,,1710451,short_term
[],https://api.spotify.com/v1/artists/5BcEbeQq5n2fz8HbhI9CWU,5BcEbeQq5n2fz8HbhI9CWU,"[{'height': 640, 'url': 'https://i.scdn.co/image/ab6761610000e5eb2ebbb3178790f48ec4001041', 'width': 640}, {'height': 320, 'url': 'https://i.scdn.co/image/ab676161000051742ebbb3178790f48ec4001041', 'width': 320}, {'height': 160, 'url': 'https://i.scdn.co/image/ab6761610000f1782ebbb3178790f48ec4001041', 'width': 160}]",Emile Pandolfi,48,artist,spotify:artist:5BcEbeQq5n2fz8HbhI9CWU,https://open.spotify.com/artist/5BcEbeQq5n2fz8HbhI9CWU,,36828,short_term
['pop'],https://api.spotify.com/v1/artists/04gDigrS5kc9YWfZHwBETP,04gDigrS5kc9YWfZHwBETP,"[{'height': 640, 'url': 'https://i.scdn.co/image/ab6761610000e5ebf8349dfb619a7f842242de77', 'width': 640}, {'height': 320, 'url': 'https://i.scdn.co/image/ab67616100005174f8349dfb619a7f842242de77', 'width': 320}, {'height': 160, 'url': 'https://i.scdn.co/image/ab6761610000f178f8349dfb619a7f842242de77', 'width': 160}]",Maroon 5,87,artist,spotify:artist:04gDigrS5kc9YWfZHwBETP,https://open.spotify.com/artist/04gDigrS5kc9YWfZHwBETP,,46056077,medium_term
[],https://api.spotify.com/v1/artists/4G9NDjRyZFDlJKMRL8hx3S,4G9NDjRyZFDlJKMRL8hx3S,"[{'height': 640, 'url': 'https://i.scdn.co/image/ab6761610000e5eb78edaa6468cae153565c2c97', 'width': 640}, {'height': 320, 'url': 'https://i.scdn.co/image/ab6761610000517478edaa6468cae153565c2c97', 'width': 320}, {'height': 160, 'url': 'https://i.scdn.co/image/ab6761610000f17878edaa6468cae153565c2c97', 'width': 160}]",sombr,86,artist,spotify:artist:4G9NDjRyZFDlJKMRL8hx3S,https://open.spotify.com/artist/4G9NDjRyZFDlJKMRL8hx3S,,3038020,medium_term
[],https://api.spotify.com/v1/artists/6eJa3zG1QZLRB3xgRuyxbm,6eJa3zG1QZLRB3xgRuyxbm,"[{'height': 640, 'url': 'https://i.scdn.co/image/ab6761610000e5eb70bbb7950edf20fc5847de6c', 'width': 640}, {'height': 320, 'url': 'https://i.scdn.co/image/ab6761610000517470bbb7950edf20fc5847de6c', 'width': 320}, {'height': 160, 'url': 'https://i.scdn.co/image/ab6761610000f17870bbb7950edf20fc5847de6c', 'width': 160}]",Dayglow,62,artist,spotify:artist:6eJa3zG1QZLRB3xgRuyxbm,https://open.spotify.com/artist/6eJa3zG1QZLRB3xgRuyxbm,,1070666,medium_term
[],https://api.spotify.com/v1/artists/12j6dJrPXanCBwY599pZxf,12j6dJrPXanCBwY599pZxf,"[{'height': 640, 'url': 'https://i.scdn.co/image/ab6761610000e5eb2f2362d4fc8263665e7a7a5f', 'width': 640}, {'height': 320, 'url': 'https://i.scdn.co/image/ab676161000051742f2362d4fc8263665e7a7a5f', 'width': 320}, {'height': 160, 'url': 'https://i.scdn.co/image/ab6761610000f1782f2362d4fc8263665e7a7a5f', 'width': 160}]",Matt Maltese,67,artist,spotify:artist:12j6dJrPXanCBwY599pZxf,https://open.spotify.com/artist/12j6dJrPXanCBwY599pZxf,,768611,medium_term
[],https://api.spotify.com/v1/artists/1dWEYMPtNmvSVaDNLgB6NV,1dWEYMPtNmvSVaDNLgB6NV,"[{'height': 640, 'url': 'https://i.scdn.co/image/ab6761610000e5eb260f7d00949296c2b7660a70', 'width': 640}, {'height': 320, 'url': 'https://i.scdn.co/image/ab67616100005174260f7d00949296c2b7660a70', 'width': 320}, {'height': 160, 'url': 'https://i.scdn.co/image/ab6761610000f178260f7d00949296c2b7660a70', 'width': 160}]",Saint Motel,64,artist,spotify:artist:1dWEYMPtNmvSVaDNLgB6NV,https://open.spotify.com/artist/1dWEYMPtNmvSVaDNLgB6NV,,774760,medium_term
[],https://api.spotify.com/v1/artists/5Rl15oVamLq7FbSb0NNBNy,5Rl15oVamLq7FbSb0NNBNy,"[{'height': 640, 'url': 'https://i.scdn.co/image/ab6761610000e5eb87cde49a53cfbdbecf68fe02', 'width': 640}, {'height': 320, 'url': 'https://i.scdn.co/image/ab6761610000517487cde49a53cfbdbecf68fe02', 'width': 320}, {'height': 160, 'url': 'https://i.scdn.co/image/ab6761610000f17887cde49a53cfbdbecf68fe02', 'width': 160}]",5 Seconds of Summer,80,artist,spotify:artist:5Rl15oVamLq7FbSb0NNBNy,https://open.spotify.com/artist/5Rl15oVamLq7FbSb0NNBNy,,10256250,medium_term
[],https://api.spotify.com/v1/artists/6zlR5ttMfMNmwf2lecU9Cc,6zlR5ttMfMNmwf2lecU9Cc,"[{'height': 640, 'url': 'https://i.scdn.co/image/ab6761610000e5eb4a3dfbf28e00c02d9d9494e8', 'width': 640}, {'height': 320, 'url': 'https://i.scdn.co/image/ab676161000051744a3dfbf28e00c02d9d9494e8', 'width': 320}, {'height': 160, 'url': 'https://i.scdn.co/image/ab6761610000f1784a3dfbf28e00c02d9d9494e8', 'width': 160}]",Sam Fender,75,artist,spotify:artist:6zlR5ttMfMNmwf2lecU9Cc,https://open.spotify.com/artist/6zlR5ttMfMNmwf2lecU9Cc,,1227899,medium_term
[],https://api.spotify.com/v1/artists/5GGJosGMs08YEmKTZJe1fL,5GGJosGMs08YEmKTZJe1fL,"[{'height': 640, 'url': 'https://i.scdn.co/image/ab6761610000e5ebc2bb10016e2e142f397f780c', 'width': 640}, {'height': 320, 'url': 'https://i.scdn.co/image/ab67616100005174c2bb10016e2e142f397f780c', 'width': 320}, {'height': 160, 'url': 'https://i.scdn.co/image/ab6761610000f178c2bb10016e2e142f397f780c', 'width': 160}]",Suki Waterhouse,69,artist,spotify:artist:5GGJosGMs08YEmKTZJe1fL,https://open.spotify.com/artist/5GGJosGMs08YEmKTZJe1fL,,1436737,medium_term
[],https://api.spotify.com/v1/artists/78R275jHTtGF0ue4QfBKpI,78R275jHTtGF0ue4QfBKpI,"[{'height': 640, 'url': 'https://i.scdn.co/image/ab6761610000e5ebd46a9812f9696c42afc9128e', 'width': 640}, {'height': 320, 'url': 'https://i.scdn.co/image/ab67616100005174d46a9812f9696c42afc9128e', 'width': 320}, {'height': 160, 'url': 'https://i.scdn.co/image/ab6761610000f178d46a9812f9696c42afc9128e', 'width': 160}]",The Favors,63,artist,spotify:artist:78R275jHTtGF0ue4QfBKpI,https://open.spotify.com/artist/78R275jHTtGF0ue4QfBKpI,,176761,medium_term
[],https://api.spotify.com/v1/artists/2D4FOOOtWycb3Aw9nY5n3c,2D4FOOOtWycb3Aw9nY5n3c,"[{'height': 640, 'url': 'https://i.scdn.co/image/ab6761610000e5eb358e4bc3d74bb8af941aec7a', 'width': 640}, {'height': 320, 'url': 'https://i.scdn.co/image/ab67616100005174358e4bc3d74bb8af941aec7a', 'width': 320}, {'height': 160, 'url': 'https://i.scdn.co/image/ab6761610000f178358e4bc3d74bb8af941aec7a', 'width': 160}]",Declan McKenna,63,artist,spotify:artist:2D4FOOOtWycb3Aw9nY5n3c,https://open.spotify.com/artist/2D4FOOOtWycb3Aw9nY5n3c,,1084644,medium_term
[],https://api.spotify.com/v1/artists/73BLwSX6gsNeVzS7DgI4xe,73BLwSX6gsNeVzS7DgI4xe,"[{'height': 640, 'url': 'https://i.scdn.co/image/ab6761610000e5eb4f68ef0449546ebb8451a681', 'width': 640}, {'height': 320, 'url': 'https://i.scdn.co/image/ab676161000051744f68ef0449546ebb8451a681', 'width': 320}, {'height': 160, 'url': 'https://i.scdn.co/image/ab6761610000f1784f68ef0449546ebb8451a681', 'width': 160}]",grentperez,63,artist,spotify:artist:73BLwSX6gsNeVzS7DgI4xe,https://open.spotify.com/artist/73BLwSX6gsNeVzS7DgI4xe,,803977,medium_term
[],https://api.spotify.com/v1/artists/0xPoVNPnxIIUS1vrxAYV00,0xPoVNPnxIIUS1vrxAYV00,"[{'height': 640, 'url': 'https://i.scdn.co/image/ab6761610000e5eb756c9f2be6294d04107ae215', 'width': 640}, {'height': 320, 'url': 'https://i.scdn.co/image/ab67616100005174756c9f2be6294d04107ae215', 'width': 320}, {'height': 160, 'url': 'https://i.scdn.co/image/ab6761610000f178756c9f2be6294d04107ae215', 'width': 160}]",Del Water Gap,64,artist,spotify:artist:0xPoVNPnxIIUS1vrxAYV00,https://open.spotify.com/artist/0xPoVNPnxIIUS1vrxAYV00,,285360,medium_term
[],https://api.spotify.com/v1/artists/6O9vGMmTwzihULICPCsNf2,6O9vGMmTwzihULICPCsNf2,"[{'height': 640, 'url': 'https://i.scdn.co/image/ab6761610000e5eb871bccd59b468f93c4650066', 'width': 640}, {'height': 320, 'url': 'https://i.scdn.co/image/ab67616100005174871bccd59b468f93c4650066', 'width': 320}, {'height': 160, 'url': 'https://i.scdn.co/image/ab6761610000f178871bccd59b468f93c4650066', 'width': 160}]",Balu Brigada,66,artist,spotify:artist:6O9vGMmTwzihULICPCsNf2,https://open.spotify.com/artist/6O9vGMmTwzihULICPCsNf2,,198604,medium_term
[],https://api.spotify.com/v1/artists/4gzpq5DPGxSnKTe4SA8HAU,4gzpq5DPGxSnKTe4SA8HAU,"[{'height': 640, 'url': 'https://i.scdn.co/image/ab6761610000e5eb1ba8fc5f5c73e7e9313cc6eb', 'width': 640}, {'height': 320, 'url': 'https://i.scdn.co/image/ab676161000051741ba8fc5f5c73e7e9313cc6eb', 'width': 320}, {'height': 160, 'url': 'https://i.scdn.co/image/ab6761610000f1781ba8fc5f5c73e7e9313cc6eb', 'width': 160}]",Coldplay,90,artist,spotify:artist:4gzpq5DPGxSnKTe4SA8HAU,https://open.spotify.com/artist/4gzpq5DPGxSnKTe4SA8HAU,,61343481,medium_term
[],https://api.spotify.com/v1/artists/4XQI4hyuy5xun1ou3SM8Oe,4XQI4hyuy5xun1ou3SM8Oe,"[{'height': 640, 'url': 'https://i.scdn.co/image/ab6761610000e5eb2f2739b20c0fe0d4ddadec52', 'width': 640}, {'height': 320, 'url': 'https://i.scdn.co/image/ab676161000051742f2739b20c0fe0d4ddadec52', 'width': 320}, {'height': 160, 'url': 'https://i.scdn.co/image/ab6761610000f1782f2739b20c0fe0d4ddadec52', 'width': 160}]",Aidan Bissett,53,artist,spotify:artist:4XQI4hyuy5xun1ou3SM8Oe,https://open.spotify.com/artist/4XQI4hyuy5xun1ou3SM8Oe,,189543,medium_term
[],https://api.spotify.com/v1/artists/0FWabe9guzIggBFPun2rFc,0FWabe9guzIggBFPun2rFc,"[{'height': 640, 'url': 'https://i.scdn.co/image/ab6761610000e5ebdbdb3410afbb234ca5d65072', 'width': 640}, {'height': 320, 'url': 'https://i.scdn.co/image/ab67616100005174dbdb3410afbb234ca5d65072', 'width': 320}, {'height': 160, 'url': 'https://i.scdn.co/image/ab6761610000f178dbdb3410afbb234ca5d65072', 'width': 160}]",Runner and Bobby,33,artist,spotify:artist:0FWabe9guzIggBFPun2rFc,https://open.spotify.com/artist/0FWabe9guzIggBFPun2rFc,,5846,medium_term
['reggaeton'],https://api.spotify.com/v1/artists/5H1nN1SzW0qNeUEZvuXjAj,5H1nN1SzW0qNeUEZvuXjAj,"[{'height': 640, 'url': 'https://i.scdn.co/image/ab6761610000e5ebb485cde5cba6de6e5685278a', 'width': 640}, {'height': 320, 'url': 'https://i.scdn.co/image/ab67616100005174b485cde5cba6de6e5685278a', 'width': 320}, {'height': 160, 'url': 'https://i.scdn.co/image/ab6761610000f178b485cde5cba6de6e5685278a', 'width': 160}]",Danny Ocean,81,artist,spotify:artist:5H1nN1SzW0qNeUEZvuXjAj,https://open.spotify.com/artist/5H1nN1SzW0qNeUEZvuXjAj,,6591851,medium_term
[],https://api.spotify.com/v1/artists/5N5jf98OOEf3uAIJpi1deD,5N5jf98OOEf3uAIJpi1deD,"[{'height': 640, 'url': 'https://i.scdn.co/image/ab6761610000e5ebe9eaaa14a495e236f1d53fa6', 'width': 640}, {'height': 320, 'url': 'https://i.scdn.co/image/ab67616100005174e9eaaa14a495e236f1d53fa6', 'width': 320}, {'height': 160, 'url': 'https://i.scdn.co/image/ab6761610000f178e9eaaa14a495e236f1d53fa6', 'width': 160}]",The Royston Club,55,artist,spotify:artist:5N5jf98OOEf3uAIJpi1deD,https://open.spotify.com/artist/5N5jf98OOEf3uAIJpi1deD,,68966,medium_term
[],https://api.spotify.com/v1/artists/2txHhyCwHjUEpJjWrEyqyX,2txHhyCwHjUEpJjWrEyqyX,"[{'height': 640, 'url': 'https://i.scdn.co/image/ab6761610000e5eb89633578648b0b51f53d167f', 'width': 640}, {'height': 320, 'url': 'https://i.scdn.co/image/ab6761610000517489633578648b0b51f53d167f', 'width': 320}, {'height': 160, 'url': 'https://i.scdn.co/image/ab6761610000f17889633578648b0b51f53d167f', 'width': 160}]",Tom Odell,79,artist,spotify:artist:2txHhyCwHjUEpJjWrEyqyX,https://open.spotify.com/artist/2txHhyCwHjUEpJjWrEyqyX,,4354811,medium_term
[],https://api.spotify.com/v1/artists/06HL4z0CvFAxyc27GXpf02,06HL4z0CvFAxyc27GXpf02,"[{'height': 640, 'url': 'https://i.scdn.co/image/ab6761610000e5ebe2e8e7ff002a4afda1c7147e', 'width': 640}, {'height': 320, 'url': 'https://i.scdn.co/image/ab67616100005174e2e8e7ff002a4afda1c7147e', 'width': 320}, {'height': 160, 'url': 'https://i.scdn.co/image/ab6761610000f178e2e8e7ff002a4afda1c7147e', 'width': 160}]",Taylor Swift,100,artist,spotify:artist:06HL4z0CvFAxyc27GXpf02,https://open.spotify.com/artist/06HL4z0CvFAxyc27GXpf02,,147186141,medium_term
[],https://api.spotify.com/v1/artists/7FKTg75ADVMZgY3P9ZMRtH,7FKTg75ADVMZgY3P9ZMRtH,"[{'height': 640, 'url': 'https://i.scdn.co/image/ab6761610000e5eb724cced4ad8949fd70698843', 'width': 640}, {'height': 320, 'url': 'https://i.scdn.co/image/ab67616100005174724cced4ad8949fd70698843', 'width': 320}, {'height': 160, 'url': 'https://i.scdn.co/image/ab6761610000f178724cced4ad8949fd70698843', 'width': 160}]",flipturn,61,artist,spotify:artist:7FKTg75ADVMZgY3P9ZMRtH,https://open.spotify.com/artist/7FKTg75ADVMZgY3P9ZMRtH,,272063,medium_term
[],https://api.spotify.com/v1/artists/0LcJLqbBmaGUft1e9Mm8HV,0LcJLqbBmaGUft1e9Mm8HV,"[{'height': 640, 'url': 'https://i.scdn.co/image/ab6761610000e5eb81a5ec3c9b4a6750440904d8', 'width': 640}, {'height': 320, 'url': 'https://i.scdn.co/image/ab6761610000517481a5ec3c9b4a6750440904d8', 'width': 320}, {'height': 160, 'url': 'https://i.scdn.co/image/ab6761610000f17881a5ec3c9b4a6750440904d8', 'width': 160}]",ABBA,81,artist,spotify:artist:0LcJLqbBmaGUft1e9Mm8HV,https://open.spotify.com/artist/0LcJLqbBmaGUft1e9Mm8HV,,15051111,medium_term
[],https://api.spotify.com/v1/artists/53A0W3U0s8diEn9RhXQhVz,53A0W3U0s8diEn9RhXQhVz,"[{'height': 640, 'url': 'https://i.scdn.co/image/ab6761610000e5eb92f6dba2793814a1c5aa8d35', 'width': 640}, {'height': 320, 'url': 'https://i.scdn.co/image/ab6761610000517492f6dba2793814a1c5aa8d35', 'width': 320}, {'height': 160, 'url': 'https://i.scdn.co/image/ab6761610000f17892f6dba2793814a1c5aa8d35', 'width': 160}]",Keane,75,artist,spotify:artist:53A0W3U0s8diEn9RhXQhVz,https://open.spotify.com/artist/53A0W3U0s8diEn9RhXQhVz,,3957461,medium_term
['indie'],https://api.spotify.com/v1/artists/0NIPkIjTV8mB795yEIiPYL,0NIPkIjTV8mB795yEIiPYL,"[{'height': 640, 'url': 'https://i.scdn.co/image/ab6761610000e5ebfde4e7d59f6d8868e2ffdaf5', 'width': 640}, {'height': 320, 'url': 'https://i.scdn.co/image/ab67616100005174fde4e7d59f6d8868e2ffdaf5', 'width': 320}, {'height': 160, 'url': 'https://i.scdn.co/image/ab6761610000f178fde4e7d59f6d8868e2ffdaf5', 'width': 160}]",Wallows,69,artist,spotify:artist:0NIPkIjTV8mB795yEIiPYL,https://open.spotify.com/artist/0NIPkIjTV8mB795yEIiPYL,,3009472,medium_term
"['colombian pop', 'reggaeton']",https://api.spotify.com/v1/artists/07YUOmWljBTXwIseAUd9TW,07YUOmWljBTXwIseAUd9TW,"[{'height': 640, 'url': 'https://i.scdn.co/image/ab6761610000e5ebac1d47a290d9c451e4ba3b06', 'width': 640}, {'height': 320, 'url': 'https://i.scdn.co/image/ab67616100005174ac1d47a290d9c451e4ba3b06', 'width': 320}, {'height': 160, 'url': 'https://i.scdn.co/image/ab6761610000f178ac1d47a290d9c451e4ba3b06', 'width': 160}]",Sebastian Yatra,79,artist,spotify:artist:07YUOmWljBTXwIseAUd9TW,https://open.spotify.com/artist/07YUOmWljBTXwIseAUd9TW,,24412205,medium_term
[],https://api.spotify.com/v1/artists/0YhUSm86okLWldQVwJkLlP,0YhUSm86okLWldQVwJkLlP,"[{'height': 640, 'url': 'https://i.scdn.co/image/ab6761610000e5eb14bdca85282f9980069cc350', 'width': 640}, {'height': 320, 'url': 'https://i.scdn.co/image/ab6761610000517414bdca85282f9980069cc350', 'width': 320}, {'height': 160, 'url': 'https://i.scdn.co/image/ab6761610000f17814bdca85282f9980069cc350', 'width': 160}]",Bad Suns,56,artist,spotify:artist:0YhUSm86okLWldQVwJkLlP,https://open.spotify.com/artist/0YhUSm86okLWldQVwJkLlP,,499398,medium_term
"['bollywood', 'hindi pop', 'desi']",https://api.spotify.com/v1/artists/1wRPtKGflJrBx9BmLsSwlU,1wRPtKGflJrBx9BmLsSwlU,"[{'height': 640, 'url': 'https://i.scdn.co/image/ab6761610000e5ebcb6926f44f620555ba444fca', 'width': 640}, {'height': 320, 'url': 'https://i.scdn.co/image/ab67616100005174cb6926f44f620555ba444fca', 'width': 320}, {'height': 160, 'url': 'https://i.scdn.co/image/ab6761610000f178cb6926f44f620555ba444fca', 'width': 160}]",Pritam,89,artist,spotify:artist:1wRPtKGflJrBx9BmLsSwlU,https://open.spotify.com/artist/1wRPtKGflJrBx9BmLsSwlU,,61675479,medium_term
['baroque pop'],https://api.spotify.com/v1/artists/4MXUO7sVCaFgFjoTI5ox5c,4MXUO7sVCaFgFjoTI5ox5c,"[{'height': 640, 'url': 'https://i.scdn.co/image/ab6761610000e5eb96e27b3bbe99d5a772c89a2a', 'width': 640}, {'height': 320, 'url': 'https://i.scdn.co/image/ab6761610000517496e27b3bbe99d5a772c89a2a', 'width': 320}, {'height': 160, 'url': 'https://i.scdn.co/image/ab6761610000f17896e27b3bbe99d5a772c89a2a', 'width': 160}]",Sufjan Stevens,72,artist,spotify:artist:4MXUO7sVCaFgFjoTI5ox5c,https://open.spotify.com/artist/4MXUO7sVCaFgFjoTI5ox5c,,2379973,medium_term
[],https://api.spotify.com/v1/artists/6ejhZKxWJr9apHAzj74DHv,6ejhZKxWJr9apHAzj74DHv,"[{'height': 500, 'url': 'https://i.scdn.co/image/eb6a0e35973977032f5e73aa1c25caabe34e507a', 'width': 500}, {'height': 200, 'url': 'https://i.scdn.co/image/ccf8a8a4e333ffb4295887375d6a2bf1c71b0516', 'width': 200}, {'height': 64, 'url': 'https://i.scdn.co/image/2cbc39685e26967b901422b5f83cdef9a8ba3b08', 'width': 64}]",Magic Man,36,artist,spotify:artist:6ejhZKxWJr9apHAzj74DHv,https://open.spotify.com/artist/6ejhZKxWJr9apHAzj74DHv,,89903,medium_term
[],https://api.spotify.com/v1/artists/6USv9qhCn6zfxlBQIYJ9qs,6USv9qhCn6zfxlBQIYJ9qs,"[{'height': 640, 'url': 'https://i.scdn.co/image/ab6761610000e5ebf2903326ec44d5ecb37dcad9', 'width': 640}, {'height': 320, 'url': 'https://i.scdn.co/image/ab67616100005174f2903326ec44d5ecb37dcad9', 'width': 320}, {'height': 160, 'url': 'https://i.scdn.co/image/ab6761610000f178f2903326ec44d5ecb37dcad9', 'width': 160}]",Dominic Fike,77,artist,spotify:artist:6USv9qhCn6zfxlBQIYJ9qs,https://open.spotify.com/artist/6USv9qhCn6zfxlBQIYJ9qs,,2253033,medium_term
[],https://api.spotify.com/v1/artists/6LuN9FCkKOj5PcnpouEgny,6LuN9FCkKOj5PcnpouEgny,"[{'height': 640, 'url': 'https://i.scdn.co/image/ab6761610000e5eb8f77c3eddc1869e9542b04bc', 'width': 640}, {'height': 320, 'url': 'https://i.scdn.co/image/ab676161000051748f77c3eddc1869e9542b04bc', 'width': 320}, {'height': 160, 'url': 'https://i.scdn.co/image/ab6761610000f1788f77c3eddc1869e9542b04bc', 'width': 160}]",Khalid,83,artist,spotify:artist:6LuN9FCkKOj5PcnpouEgny,https://open.spotify.com/artist/6LuN9FCkKOj5PcnpouEgny,,16996017,medium_term
['indie'],https://api.spotify.com/v1/artists/5b5bt4mZQpJMoCRbiQ7diH,5b5bt4mZQpJMoCRbiQ7diH,"[{'height': 640, 'url': 'https://i.scdn.co/image/ab6761610000e5ebab79a6385448318e8944d1ff', 'width': 640}, {'height': 320, 'url': 'https://i.scdn.co/image/ab67616100005174ab79a6385448318e8944d1ff', 'width': 320}, {'height': 160, 'url': 'https://i.scdn.co/image/ab6761610000f178ab79a6385448318e8944d1ff', 'width': 160}]",Royel Otis,75,artist,spotify:artist:5b5bt4mZQpJMoCRbiQ7diH,https://open.spotify.com/artist/5b5bt4mZQpJMoCRbiQ7diH,,600271,medium_term
['indie'],https://api.spotify.com/v1/artists/0SwO7SWeDHJijQ3XNS7xEE,0SwO7SWeDHJijQ3XNS7xEE,"[{'height': 640, 'url': 'https://i.scdn.co/image/ab6761610000e5eb9dccdc8f4087cbe2bdedc9d3', 'width': 640}, {'height': 320, 'url': 'https://i.scdn.co/image/ab676161000051749dccdc8f4087cbe2bdedc9d3', 'width': 320}, {'height': 160, 'url': 'https://i.scdn.co/image/ab6761610000f1789dccdc8f4087cbe2bdedc9d3', 'width': 160}]",MGMT,74,artist,spotify:artist:0SwO7SWeDHJijQ3XNS7xEE,https://open.spotify.com/artist/0SwO7SWeDHJijQ3XNS7xEE,,3598808,medium_term
[],https://api.spotify.com/v1/artists/2qqZbV6smvvtohQOUgZqKa,2qqZbV6smvvtohQOUgZqKa,"[{'height': 640, 'url': 'https://i.scdn.co/image/ab6761610000e5eb08d3632300162eb114a343a8', 'width': 640}, {'height': 320, 'url': 'https://i.scdn.co/image/ab6761610000517408d3632300162eb114a343a8', 'width': 320}, {'height': 160, 'url': 'https://i.scdn.co/image/ab6761610000f17808d3632300162eb114a343a8', 'width': 160}]",Alexandra Savior,47,artist,spotify:artist:2qqZbV6smvvtohQOUgZqKa,https://open.spotify.com/artist/2qqZbV6smvvtohQOUgZqKa,,316724,medium_term
[],https://api.spotify.com/v1/artists/027TpXKGwdXP7iwbjUSpV8,027TpXKGwdXP7iwbjUSpV8,"[{'height': 640, 'url': 'https://i.scdn.co/image/ab6761610000e5ebb63c6c447c9c484c6e87d509', 'width': 640}, {'height': 320, 'url': 'https://i.scdn.co/image/ab67616100005174b63c6c447c9c484c6e87d509', 'width': 320}, {'height': 160, 'url': 'https://i.scdn.co/image/ab6761610000f178b63c6c447c9c484c6e87d509', 'width': 160}]",The Walters,70,artist,spotify:artist:027TpXKGwdXP7iwbjUSpV8,https://open.spotify.com/artist/027TpXKGwdXP7iwbjUSpV8,,1065524,medium_term
[],https://api.spotify.com/v1/artists/2OK16hAFRHoJiFZKeZe8A8,2OK16hAFRHoJiFZKeZe8A8,"[{'height': 640, 'url': 'https://i.scdn.co/image/ab6761610000e5ebede01615b215c2038409672f', 'width': 640}, {'height': 320, 'url': 'https://i.scdn.co/image/ab67616100005174ede01615b215c2038409672f', 'width': 320}, {'height': 160, 'url': 'https://i.scdn.co/image/ab6761610000f178ede01615b215c2038409672f', 'width': 160}]",courtship.,31,artist,spotify:artist:2OK16hAFRHoJiFZKeZe8A8,https://open.spotify.com/artist/2OK16hAFRHoJiFZKeZe8A8,,63986,medium_term
[],https://api.spotify.com/v1/artists/1KP6TWI40m7p3QBTU6u2xo,1KP6TWI40m7p3QBTU6u2xo,"[{'height': 640, 'url': 'https://i.scdn.co/image/ab6761610000e5eb252d35c84fb363ff13fc0026', 'width': 640}, {'height': 320, 'url': 'https://i.scdn.co/image/ab67616100005174252d35c84fb363ff13fc0026', 'width': 320}, {'height': 160, 'url': 'https://i.scdn.co/image/ab6761610000f178252d35c84fb363ff13fc0026', 'width': 160}]",BØRNS,67,artist,spotify:artist:1KP6TWI40m7p3QBTU6u2xo,https://open.spotify.com/artist/1KP6TWI40m7p3QBTU6u2xo,,1379491,medium_term
[],https://api.spotify.com/v1/artists/4j56EQDQu5XnL7R3E9iFJT,4j56EQDQu5XnL7R3E9iFJT,"[{'height': 640, 'url': 'https://i.scdn.co/image/ab6761610000e5ebe1af1323b5e4017f8bfcb2b3', 'width': 640}, {'height': 320, 'url': 'https://i.scdn.co/image/ab67616100005174e1af1323b5e4017f8bfcb2b3', 'width': 320}, {'height': 160, 'url': 'https://i.scdn.co/image/ab6761610000f178e1af1323b5e4017f8bfcb2b3', 'width': 160}]",Young the Giant,66,artist,spotify:artist:4j56EQDQu5XnL7R3E9iFJT,https://open.spotify.com/artist/4j56EQDQu5XnL7R3E9iFJT,,1710451,medium_term
[],https://api.spotify.com/v1/artists/6ltzsmQQbmdoHHbLZ4ZN25,6ltzsmQQbmdoHHbLZ4ZN25,"[{'height': 640, 'url': 'https://i.scdn.co/image/ab6761610000e5eb0d4d3bb72e9375017fd94f71', 'width': 640}, {'height': 320, 'url': 'https://i.scdn.co/image/ab676161000051740d4d3bb72e9375017fd94f71', 'width': 320}, {'height': 160, 'url': 'https://i.scdn.co/image/ab6761610000f1780d4d3bb72e9375017fd94f71', 'width': 160}]",Lord Huron,78,artist,spotify:artist:6ltzsmQQbmdoHHbLZ4ZN25,https://open.spotify.com/artist/6ltzsmQQbmdoHHbLZ4ZN25,,2201197,medium_term
[],https://api.spotify.com/v1/artists/5YA1c6yVkPnflTLMfOgjzc,5YA1c6yVkPnflTLMfOgjzc,"[{'height': 640, 'url': 'https://i.scdn.co/image/ab6761610000e5eb449aa655c7e9c2b77601dba5', 'width': 640}, {'height': 320, 'url': 'https://i.scdn.co/image/ab67616100005174449aa655c7e9c2b77601dba5', 'width': 320}, {'height': 160, 'url': 'https://i.scdn.co/image/ab6761610000f178449aa655c7e9c2b77601dba5', 'width': 160}]",Vistas,40,artist,spotify:artist:5YA1c6yVkPnflTLMfOgjzc,https://open.spotify.com/artist/5YA1c6yVkPnflTLMfOgjzc,,75292,medium_term
[],https://api.spotify.com/v1/artists/6fC2AcsQtd9h4BWELbbire,6fC2AcsQtd9h4BWELbbire,"[{'height': 640, 'url': 'https://i.scdn.co/image/ab6761610000e5eb0206d13230ade13d3e4255ba', 'width': 640}, {'height': 320, 'url': 'https://i.scdn.co/image/ab676161000051740206d13230ade13d3e4255ba', 'width': 320}, {'height': 160, 'url': 'https://i.scdn.co/image/ab6761610000f1780206d13230ade13d3e4255ba', 'width': 160}]",Peach Pit,61,artist,spotify:artist:6fC2AcsQtd9h4BWELbbire,https://open.spotify.com/artist/6fC2AcsQtd9h4BWELbbire,,888931,medium_term
['soundtrack'],https://api.spotify.com/v1/artists/71jzN72g8qWMCMkWC5p1Z0,71jzN72g8qWMCMkWC5p1Z0,"[{'height': 1000, 'url': 'https://i.scdn.co/image/ab6772690000c46cf9a8d4c2fbbdba7962061bf9', 'width': 1000}, {'height': 640, 'url': 'https://i.scdn.co/image/ab6772690000dd22f9a8d4c2fbbdba7962061bf9', 'width': 640}, {'height': 200, 'url': 'https://i.scdn.co/image/ab6772690000bac3f9a8d4c2fbbdba7962061bf9', 'width': 200}, {'height': 64, 'url': 'https://i.scdn.co/image/ab67726900008f74f9a8d4c2fbbdba7962061bf9', 'width': 64}]",Alexandre Desplat,64,artist,spotify:artist:71jzN72g8qWMCMkWC5p1Z0,https://open.spotify.com/artist/71jzN72g8qWMCMkWC5p1Z0,,348112,medium_term
['pop soul'],https://api.spotify.com/v1/artists/00x1fYSGhdqScXBRpSj3DW,00x1fYSGhdqScXBRpSj3DW,"[{'height': 640, 'url': 'https://i.scdn.co/image/ab6761610000e5eb5c7577ad44daeb7ce4b941a1', 'width': 640}, {'height': 320, 'url': 'https://i.scdn.co/image/ab676161000051745c7577ad44daeb7ce4b941a1', 'width': 320}, {'height': 160, 'url': 'https://i.scdn.co/image/ab6761610000f1785c7577ad44daeb7ce4b941a1', 'width': 160}]",Olivia Dean,91,artist,spotify:artist:00x1fYSGhdqScXBRpSj3DW,https://open.spotify.com/artist/00x1fYSGhdqScXBRpSj3DW,,2020581,medium_term
[],https://api.spotify.com/v1/artists/2FKnkloMDcNrUeLDfQJf8i,2FKnkloMDcNrUeLDfQJf8i,"[{'height': 640, 'url': 'https://i.scdn.co/image/ab6761610000e5eb04e751498cba739d4c00c018', 'width': 640}, {'height': 320, 'url': 'https://i.scdn.co/image/ab6761610000517404e751498cba739d4c00c018', 'width': 320}, {'height': 160, 'url': 'https://i.scdn.co/image/ab6761610000f17804e751498cba739d4c00c018', 'width': 160}]",West 22nd,53,artist,spotify:artist:2FKnkloMDcNrUeLDfQJf8i,https://open.spotify.com/artist/2FKnkloMDcNrUeLDfQJf8i,,30491,medium_term
[],https://api.spotify.com/v1/artists/3xc0dLvxU2nAYefEJdDVBw,3xc0dLvxU2nAYefEJdDVBw,"[{'height': 640, 'url': 'https://i.scdn.co/image/ab6761610000e5eb9cd6e8bfc1ccc2ce904542be', 'width': 640}, {'height': 320, 'url': 'https://i.scdn.co/image/ab676161000051749cd6e8bfc1ccc2ce904542be', 'width': 320}, {'height': 160, 'url': 'https://i.scdn.co/image/ab6761610000f1789cd6e8bfc1ccc2ce904542be', 'width': 160}]",Never Ending Fall,39,artist,spotify:artist:3xc0dLvxU2nAYefEJdDVBw,https://open.spotify.com/artist/3xc0dLvxU2nAYefEJdDVBw,,25204,medium_term
[],https://api.spotify.com/v1/artists/52N3KGrTWDRhdQJrgBTofE,52N3KGrTWDRhdQJrgBTofE,"[{'height': 640, 'url': 'https://i.scdn.co/image/ab6761610000e5eb3d471c890df09a15cd8130a5', 'width': 640}, {'height': 320, 'url': 'https://i.scdn.co/image/ab676161000051743d471c890df09a15cd8130a5', 'width': 320}, {'height': 160, 'url': 'https://i.scdn.co/image/ab6761610000f1783d471c890df09a15cd8130a5', 'width': 160}]",Good Neighbours,66,artist,spotify:artist:52N3KGrTWDRhdQJrgBTofE,https://open.spotify.com/artist/52N3KGrTWDRhdQJrgBTofE,,222943,medium_term
['soft pop'],https://api.spotify.com/v1/artists/6eUKZXaKkcviH0Ku9w2n3V,6eUKZXaKkcviH0Ku9w2n3V,"[{'height': 640, 'url': 'https://i.scdn.co/image/ab6761610000e5ebd55c95ad400aed87da52daec', 'width': 640}, {'height': 320, 'url': 'https://i.scdn.co/image/ab67616100005174d55c95ad400aed87da52daec', 'width': 320}, {'height': 160, 'url': 'https://i.scdn.co/image/ab6761610000f178d55c95ad400aed87da52daec', 'width': 160}]",Ed Sheeran,90,artist,spotify:artist:6eUKZXaKkcviH0Ku9w2n3V,https://open.spotify.com/artist/6eUKZXaKkcviH0Ku9w2n3V,,123360897,medium_term
['funk rock'],https://api.spotify.com/v1/artists/3BRSFkEbxBXsZASWPOMOuP,3BRSFkEbxBXsZASWPOMOuP,"[{'height': 640, 'url': 'https://i.scdn.co/image/ab6761610000e5eb69a15da3b173ea8eba0fc76d', 'width': 640}, {'height': 320, 'url': 'https://i.scdn.co/image/ab6761610000517469a15da3b173ea8eba0fc76d', 'width': 320}, {'height': 160, 'url': 'https://i.scdn.co/image/ab6761610000f17869a15da3b173ea8eba0fc76d', 'width': 160}]",Post Sex Nachos,41,artist,spotify:artist:3BRSFkEbxBXsZASWPOMOuP,https://open.spotify.com/artist/3BRSFkEbxBXsZASWPOMOuP,,23784,medium_term
[],https://api.spotify.com/v1/artists/5SHgclK1ZpTdfdAmXW7J6s,5SHgclK1ZpTdfdAmXW7J6s,"[{'height': 640, 'url': 'https://i.scdn.co/image/ab6761610000e5ebb9544964337177ad2936c39b', 'width': 640}, {'height': 320, 'url': 'https://i.scdn.co/image/ab67616100005174b9544964337177ad2936c39b', 'width': 320}, {'height': 160, 'url': 'https://i.scdn.co/image/ab6761610000f178b9544964337177ad2936c39b', 'width': 160}]",The Last Dinner Party,67,artist,spotify:artist:5SHgclK1ZpTdfdAmXW7J6s,https://open.spotify.com/artist/5SHgclK1ZpTdfdAmXW7J6s,,684452,medium_term
[],https://api.spotify.com/v1/artists/2Wm8x8bHxzCPLzp6k7IsLs,2Wm8x8bHxzCPLzp6k7IsLs,"[{'height': 640, 'url': 'https://i.scdn.co/image/ab6761610000e5ebe8cc58fbef2e59a6064ef198', 'width': 640}, {'height': 320, 'url': 'https://i.scdn.co/image/ab67616100005174e8cc58fbef2e59a6064ef198', 'width': 320}, {'height': 160, 'url': 'https://i.scdn.co/image/ab6761610000f178e8cc58fbef2e59a6064ef198', 'width': 160}]",Dress & Tie,44,artist,spotify:artist:2Wm8x8bHxzCPLzp6k7IsLs,https://open.spotify.com/artist/2Wm8x8bHxzCPLzp6k7IsLs,,4754,medium_term
[],https://api.spotify.com/v1/artists/4gzpq5DPGxSnKTe4SA8HAU,4gzpq5DPGxSnKTe4SA8HAU,"[{'height': 640, 'url': 'https://i.scdn.co/image/ab6761610000e5eb1ba8fc5f5c73e7e9313cc6eb', 'width': 640}, {'height': 320, 'url': 'https://i.scdn.co/image/ab676161000051741ba8fc5f5c73e7e9313cc6eb', 'width': 320}, {'height': 160, 'url': 'https://i.scdn.co/image/ab6761610000f1781ba8fc5f5c73e7e9313cc6eb', 'width': 160}]",Coldplay,90,artist,spotify:artist:4gzpq5DPGxSnKTe4SA8HAU,https://open.spotify.com/artist/4gzpq5DPGxSnKTe4SA8HAU,,61343481,long_term
"['indie', 'garage rock']",https://api.spotify.com/v1/artists/7Ln80lUS6He07XvHI8qqHH,7Ln80lUS6He07XvHI8qqHH,"[{'height': 640, 'url': 'https://i.scdn.co/image/ab6761610000e5eb7da39dea0a72f581535fb11f', 'width': 640}, {'height': 320, 'url': 'https://i.scdn.co/image/ab676161000051747da39dea0a72f581535fb11f', 'width': 320}, {'height': 160, 'url': 'https://i.scdn.co/image/ab6761610000f1787da39dea0a72f581535fb11f', 'width': 160}]",Arctic Monkeys,86,artist,spotify:artist:7Ln80lUS6He07XvHI8qqHH,https://open.spotify.com/artist/7Ln80lUS6He07XvHI8qqHH,,32408592,long_term
[],https://api.spotify.com/v1/artists/12j6dJrPXanCBwY599pZxf,12j6dJrPXanCBwY599pZxf,"[{'height': 640, 'url': 'https://i.scdn.co/image/ab6761610000e5eb2f2362d4fc8263665e7a7a5f', 'width': 640}, {'height': 320, 'url': 'https://i.scdn.co/image/ab676161000051742f2362d4fc8263665e7a7a5f', 'width': 320}, {'height': 160, 'url': 'https://i.scdn.co/image/ab6761610000f1782f2362d4fc8263665e7a7a5f', 'width': 160}]",Matt Maltese,67,artist,spotify:artist:12j6dJrPXanCBwY599pZxf,https://open.spotify.com/artist/12j6dJrPXanCBwY599pZxf,,768611,long_term
['indie'],https://api.spotify.com/v1/artists/0NIPkIjTV8mB795yEIiPYL,0NIPkIjTV8mB795yEIiPYL,"[{'height': 640, 'url': 'https://i.scdn.co/image/ab6761610000e5ebfde4e7d59f6d8868e2ffdaf5', 'width': 640}, {'height': 320, 'url': 'https://i.scdn.co/image/ab67616100005174fde4e7d59f6d8868e2ffdaf5', 'width': 320}, {'height': 160, 'url': 'https://i.scdn.co/image/ab6761610000f178fde4e7d59f6d8868e2ffdaf5', 'width': 160}]",Wallows,69,artist,spotify:artist:0NIPkIjTV8mB795yEIiPYL,https://open.spotify.com/artist/0NIPkIjTV8mB795yEIiPYL,,3009472,long_term
['pop'],https://api.spotify.com/v1/artists/04gDigrS5kc9YWfZHwBETP,04gDigrS5kc9YWfZHwBETP,"[{'height': 640, 'url': 'https://i.scdn.co/image/ab6761610000e5ebf8349dfb619a7f842242de77', 'width': 640}, {'height': 320, 'url': 'https://i.scdn.co/image/ab67616100005174f8349dfb619a7f842242de77', 'width': 320}, {'height': 160, 'url': 'https://i.scdn.co/image/ab6761610000f178f8349dfb619a7f842242de77', 'width': 160}]",Maroon 5,87,artist,spotify:artist:04gDigrS5kc9YWfZHwBETP,https://open.spotify.com/artist/04gDigrS5kc9YWfZHwBETP,,46056077,long_term
[],https://api.spotify.com/v1/artists/6eJa3zG1QZLRB3xgRuyxbm,6eJa3zG1QZLRB3xgRuyxbm,"[{'height': 640, 'url': 'https://i.scdn.co/image/ab6761610000e5eb70bbb7950edf20fc5847de6c', 'width': 640}, {'height': 320, 'url': 'https://i.scdn.co/image/ab6761610000517470bbb7950edf20fc5847de6c', 'width': 320}, {'height': 160, 'url': 'https://i.scdn.co/image/ab6761610000f17870bbb7950edf20fc5847de6c', 'width': 160}]",Dayglow,62,artist,spotify:artist:6eJa3zG1QZLRB3xgRuyxbm,https://open.spotify.com/artist/6eJa3zG1QZLRB3xgRuyxbm,,1070666,long_term
['indie'],https://api.spotify.com/v1/artists/22RISwgVJyZu9lpqAcv1F5,22RISwgVJyZu9lpqAcv1F5,"[{'height': 640, 'url': 'https://i.scdn.co/image/ab6761610000e5eb018b1883b783a647028054b5', 'width': 640}, {'height': 320, 'url': 'https://i.scdn.co/image/ab67616100005174018b1883b783a647028054b5', 'width': 320}, {'height': 160, 'url': 'https://i.scdn.co/image/ab6761610000f178018b1883b783a647028054b5', 'width': 160}]",Blossoms,56,artist,spotify:artist:22RISwgVJyZu9lpqAcv1F5,https://open.spotify.com/artist/22RISwgVJyZu9lpqAcv1F5,,499140,long_term
[],https://api.spotify.com/v1/artists/0ZxZlO7oWCSYMXhehpyMvE,0ZxZlO7oWCSYMXhehpyMvE,"[{'height': 640, 'url': 'https://i.scdn.co/image/ab6761610000e5ebbd991c329ced8e990ecb3b45', 'width': 640}, {'height': 320, 'url': 'https://i.scdn.co/image/ab67616100005174bd991c329ced8e990ecb3b45', 'width': 320}, {'height': 160, 'url': 'https://i.scdn.co/image/ab6761610000f178bd991c329ced8e990ecb3b45', 'width': 160}]",COIN,56,artist,spotify:artist:0ZxZlO7oWCSYMXhehpyMvE,https://open.spotify.com/artist/0ZxZlO7oWCSYMXhehpyMvE,,668510,long_term
[],https://api.spotify.com/v1/artists/53XhwfbYqKCa1cC15pYq2q,53XhwfbYqKCa1cC15pYq2q,"[{'height': 640, 'url': 'https://i.scdn.co/image/ab6761610000e5ebab47d8dae2b24f5afe7f9d38', 'width': 640}, {'height': 320, 'url': 'https://i.scdn.co/image/ab67616100005174ab47d8dae2b24f5afe7f9d38', 'width': 320}, {'height': 160, 'url': 'https://i.scdn.co/image/ab6761610000f178ab47d8dae2b24f5afe7f9d38', 'width': 160}]",Imagine Dragons,87,artist,spotify:artist:53XhwfbYqKCa1cC15pYq2q,https://open.spotify.com/artist/53XhwfbYqKCa1cC15pYq2q,,58589566,long_term
[],https://api.spotify.com/v1/artists/7gAppWoH7pcYmphCVTXkzs,7gAppWoH7pcYmphCVTXkzs,"[{'height': 640, 'url': 'https://i.scdn.co/image/ab6761610000e5eb77ef80571a40d9d19cf52208', 'width': 640}, {'height': 320, 'url': 'https://i.scdn.co/image/ab6761610000517477ef80571a40d9d19cf52208', 'width': 320}, {'height': 160, 'url': 'https://i.scdn.co/image/ab6761610000f17877ef80571a40d9d19cf52208', 'width': 160}]",The Vamps,64,artist,spotify:artist:7gAppWoH7pcYmphCVTXkzs,https://open.spotify.com/artist/7gAppWoH7pcYmphCVTXkzs,,5910446,long_term
[],https://api.spotify.com/v1/artists/3VLf4DlBTN2ZRwygS3TNti,3VLf4DlBTN2ZRwygS3TNti,"[{'height': 640, 'url': 'https://i.scdn.co/image/ab6761610000e5eb0d6649eedc3c5a423e860bf9', 'width': 640}, {'height': 320, 'url': 'https://i.scdn.co/image/ab676161000051740d6649eedc3c5a423e860bf9', 'width': 320}, {'height': 160, 'url': 'https://i.scdn.co/image/ab6761610000f1780d6649eedc3c5a423e860bf9', 'width': 160}]",The Academic,46,artist,spotify:artist:3VLf4DlBTN2ZRwygS3TNti,https://open.spotify.com/artist/3VLf4DlBTN2ZRwygS3TNti,,180190,long_term
['surf rock'],https://api.spotify.com/v1/artists/6V70yeZQCoSR2M3fyW8qiA,6V70yeZQCoSR2M3fyW8qiA,"[{'height': 640, 'url': 'https://i.scdn.co/image/ab6761610000e5eb97f9699add053b046bb924ca', 'width': 640}, {'height': 320, 'url': 'https://i.scdn.co/image/ab6761610000517497f9699add053b046bb924ca', 'width': 320}, {'height': 160, 'url': 'https://i.scdn.co/image/ab6761610000f17897f9699add053b046bb924ca', 'width': 160}]",Spacey Jane,62,artist,spotify:artist:6V70yeZQCoSR2M3fyW8qiA,https://open.spotify.com/artist/6V70yeZQCoSR2M3fyW8qiA,,286011,long_term
[],https://api.spotify.com/v1/artists/6lyMYewq2SuTFIXgiv7OxH,6lyMYewq2SuTFIXgiv7OxH,"[{'height': 640, 'url': 'https://i.scdn.co/image/ab6761610000e5eba51b91e0d60c8b172f82e213', 'width': 640}, {'height': 320, 'url': 'https://i.scdn.co/image/ab67616100005174a51b91e0d60c8b172f82e213', 'width': 320}, {'height': 160, 'url': 'https://i.scdn.co/image/ab6761610000f178a51b91e0d60c8b172f82e213', 'width': 160}]",Inhaler,60,artist,spotify:artist:6lyMYewq2SuTFIXgiv7OxH,https://open.spotify.com/artist/6lyMYewq2SuTFIXgiv7OxH,,511908,long_term
['german indie'],https://api.spotify.com/v1/artists/5wD0owYApRtYmjPWavWKvb,5wD0owYApRtYmjPWavWKvb,"[{'height': 640, 'url': 'https://i.scdn.co/image/ab6761610000e5eb788bcf4732e0fb570a9c7a35', 'width': 640}, {'height': 320, 'url': 'https://i.scdn.co/image/ab67616100005174788bcf4732e0fb570a9c7a35', 'width': 320}, {'height': 160, 'url': 'https://i.scdn.co/image/ab6761610000f178788bcf4732e0fb570a9c7a35', 'width': 160}]",Giant Rooks,62,artist,spotify:artist:5wD0owYApRtYmjPWavWKvb,https://open.spotify.com/artist/5wD0owYApRtYmjPWavWKvb,,527202,long_term
[],https://api.spotify.com/v1/artists/53A0W3U0s8diEn9RhXQhVz,53A0W3U0s8diEn9RhXQhVz,"[{'height': 640, 'url': 'https://i.scdn.co/image/ab6761610000e5eb92f6dba2793814a1c5aa8d35', 'width': 640}, {'height': 320, 'url': 'https://i.scdn.co/image/ab6761610000517492f6dba2793814a1c5aa8d35', 'width': 320}, {'height': 160, 'url': 'https://i.scdn.co/image/ab6761610000f17892f6dba2793814a1c5aa8d35', 'width': 160}]",Keane,75,artist,spotify:artist:53A0W3U0s8diEn9RhXQhVz,https://open.spotify.com/artist/53A0W3U0s8diEn9RhXQhVz,,3957461,long_term
[],https://api.spotify.com/v1/artists/0lAWpj5szCSwM4rUMHYmrr,0lAWpj5szCSwM4rUMHYmrr,"[{'height': 640, 'url': 'https://i.scdn.co/image/ab6761610000e5eb46d0db8a86fda630ec12401f', 'width': 640}, {'height': 320, 'url': 'https://i.scdn.co/image/ab6761610000517446d0db8a86fda630ec12401f', 'width': 320}, {'height': 160, 'url': 'https://i.scdn.co/image/ab6761610000f17846d0db8a86fda630ec12401f', 'width': 160}]",Måneskin,78,artist,spotify:artist:0lAWpj5szCSwM4rUMHYmrr,https://open.spotify.com/artist/0lAWpj5szCSwM4rUMHYmrr,,10689119,long_term
"['desi hip hop', 'hindi hip hop', 'desi pop', 'hindi pop', 'hindi indie']",https://api.spotify.com/v1/artists/5NHm4TU5Twz7owibYxJfFU,5NHm4TU5Twz7owibYxJfFU,"[{'height': 640, 'url': 'https://i.scdn.co/image/ab6761610000e5eb3de5e76cc83756f612242378', 'width': 640}, {'height': 320, 'url': 'https://i.scdn.co/image/ab676161000051743de5e76cc83756f612242378', 'width': 320}, {'height': 160, 'url': 'https://i.scdn.co/image/ab6761610000f1783de5e76cc83756f612242378', 'width': 160}]",King,65,artist,spotify:artist:5NHm4TU5Twz7owibYxJfFU,https://open.spotify.com/artist/5NHm4TU5Twz7owibYxJfFU,,9381622,long_term
[],https://api.spotify.com/v1/artists/5SHgclK1ZpTdfdAmXW7J6s,5SHgclK1ZpTdfdAmXW7J6s,"[{'height': 640, 'url': 'https://i.scdn.co/image/ab6761610000e5ebb9544964337177ad2936c39b', 'width': 640}, {'height': 320, 'url': 'https://i.scdn.co/image/ab67616100005174b9544964337177ad2936c39b', 'width': 320}, {'height': 160, 'url': 'https://i.scdn.co/image/ab6761610000f178b9544964337177ad2936c39b', 'width': 160}]",The Last Dinner Party,67,artist,spotify:artist:5SHgclK1ZpTdfdAmXW7J6s,https://open.spotify.com/artist/5SHgclK1ZpTdfdAmXW7J6s,,684452,long_term
[],https://api.spotify.com/v1/artists/1dWEYMPtNmvSVaDNLgB6NV,1dWEYMPtNmvSVaDNLgB6NV,"[{'height': 640, 'url': 'https://i.scdn.co/image/ab6761610000e5eb260f7d00949296c2b7660a70', 'width': 640}, {'height': 320, 'url': 'https://i.scdn.co/image/ab67616100005174260f7d00949296c2b7660a70', 'width': 320}, {'height': 160, 'url': 'https://i.scdn.co/image/ab6761610000f178260f7d00949296c2b7660a70', 'width': 160}]",Saint Motel,64,artist,spotify:artist:1dWEYMPtNmvSVaDNLgB6NV,https://open.spotify.com/artist/1dWEYMPtNmvSVaDNLgB6NV,,774760,long_term
[],https://api.spotify.com/v1/artists/0LcJLqbBmaGUft1e9Mm8HV,0LcJLqbBmaGUft1e9Mm8HV,"[{'height': 640, 'url': 'https://i.scdn.co/image/ab6761610000e5eb81a5ec3c9b4a6750440904d8', 'width': 640}, {'height': 320, 'url': 'https://i.scdn.co/image/ab6761610000517481a5ec3c9b4a6750440904d8', 'width': 320}, {'height': 160, 'url': 'https://i.scdn.co/image/ab6761610000f17881a5ec3c9b4a6750440904d8', 'width': 160}]",ABBA,81,artist,spotify:artist:0LcJLqbBmaGUft1e9Mm8HV,https://open.spotify.com/artist/0LcJLqbBmaGUft1e9Mm8HV,,15051111,long_term
[],https://api.spotify.com/v1/artists/027TpXKGwdXP7iwbjUSpV8,027TpXKGwdXP7iwbjUSpV8,"[{'height': 640, 'url': 'https://i.scdn.co/image/ab6761610000e5ebb63c6c447c9c484c6e87d509', 'width': 640}, {'height': 320, 'url': 'https://i.scdn.co/image/ab67616100005174b63c6c447c9c484c6e87d509', 'width': 320}, {'height': 160, 'url': 'https://i.scdn.co/image/ab6761610000f178b63c6c447c9c484c6e87d509', 'width': 160}]",The Walters,70,artist,spotify:artist:027TpXKGwdXP7iwbjUSpV8,https://open.spotify.com/artist/027TpXKGwdXP7iwbjUSpV8,,1065524,long_term
[],https://api.spotify.com/v1/artists/5ZsFI1h6hIdQRw2ti0hz81,5ZsFI1h6hIdQRw2ti0hz81,"[{'height': 640, 'url': 'https://i.scdn.co/image/ab6761610000e5eb7a1fba1bb3618ef71355f82a', 'width': 640}, {'height': 320, 'url': 'https://i.scdn.co/image/ab676161000051747a1fba1bb3618ef71355f82a', 'width': 320}, {'height': 160, 'url': 'https://i.scdn.co/image/ab6761610000f1787a1fba1bb3618ef71355f82a', 'width': 160}]",ZAYN,78,artist,spotify:artist:5ZsFI1h6hIdQRw2ti0hz81,https://open.spotify.com/artist/5ZsFI1h6hIdQRw2ti0hz81,,24209100,long_term
[],https://api.spotify.com/v1/artists/5y8tKLUfMvliMe8IKamR32,5y8tKLUfMvliMe8IKamR32,"[{'height': 640, 'url': 'https://i.scdn.co/image/ab6761610000e5ebee632cde061121a5fe48c1d6', 'width': 640}, {'height': 320, 'url': 'https://i.scdn.co/image/ab67616100005174ee632cde061121a5fe48c1d6', 'width': 320}, {'height': 160, 'url': 'https://i.scdn.co/image/ab6761610000f178ee632cde061121a5fe48c1d6', 'width': 160}]",d4vd,79,artist,spotify:artist:5y8tKLUfMvliMe8IKamR32,https://open.spotify.com/artist/5y8tKLUfMvliMe8IKamR32,,4743894,long_term
[],https://api.spotify.com/v1/artists/2FXC3k01G6Gw61bmprjgqS,2FXC3k01G6Gw61bmprjgqS,"[{'height': 640, 'url': 'https://i.scdn.co/image/ab6761610000e5ebad85a585103dfc2f3439119a', 'width': 640}, {'height': 320, 'url': 'https://i.scdn.co/image/ab67616100005174ad85a585103dfc2f3439119a', 'width': 320}, {'height': 160, 'url': 'https://i.scdn.co/image/ab6761610000f178ad85a585103dfc2f3439119a', 'width': 160}]",Hozier,83,artist,spotify:artist:2FXC3k01G6Gw61bmprjgqS,https://open.spotify.com/artist/2FXC3k01G6Gw61bmprjgqS,,9171847,long_term
[],https://api.spotify.com/v1/artists/6ejhZKxWJr9apHAzj74DHv,6ejhZKxWJr9apHAzj74DHv,"[{'height': 500, 'url': 'https://i.scdn.co/image/eb6a0e35973977032f5e73aa1c25caabe34e507a', 'width': 500}, {'height': 200, 'url': 'https://i.scdn.co/image/ccf8a8a4e333ffb4295887375d6a2bf1c71b0516', 'width': 200}, {'height': 64, 'url': 'https://i.scdn.co/image/2cbc39685e26967b901422b5f83cdef9a8ba3b08', 'width': 64}]",Magic Man,36,artist,spotify:artist:6ejhZKxWJr9apHAzj74DHv,https://open.spotify.com/artist/6ejhZKxWJr9apHAzj74DHv,,89903,long_term
[],https://api.spotify.com/v1/artists/73BLwSX6gsNeVzS7DgI4xe,73BLwSX6gsNeVzS7DgI4xe,"[{'height': 640, 'url': 'https://i.scdn.co/image/ab6761610000e5eb4f68ef0449546ebb8451a681', 'width': 640}, {'height': 320, 'url': 'https://i.scdn.co/image/ab676161000051744f68ef0449546ebb8451a681', 'width': 320}, {'height': 160, 'url': 'https://i.scdn.co/image/ab6761610000f1784f68ef0449546ebb8451a681', 'width': 160}]",grentperez,63,artist,spotify:artist:73BLwSX6gsNeVzS7DgI4xe,https://open.spotify.com/artist/73BLwSX6gsNeVzS7DgI4xe,,803977,long_term
[],https://api.spotify.com/v1/artists/0MlOPi3zIDMVrfA9R04Fe3,0MlOPi3zIDMVrfA9R04Fe3,"[{'height': 640, 'url': 'https://i.scdn.co/image/ab6761610000e5eb76fa6126d926bd6302239aba', 'width': 640}, {'height': 320, 'url': 'https://i.scdn.co/image/ab6761610000517476fa6126d926bd6302239aba', 'width': 320}, {'height': 160, 'url': 'https://i.scdn.co/image/ab6761610000f17876fa6126d926bd6302239aba', 'width': 160}]",American Authors,64,artist,spotify:artist:0MlOPi3zIDMVrfA9R04Fe3,https://open.spotify.com/artist/0MlOPi3zIDMVrfA9R04Fe3,,1651494,long_term
['indie'],https://api.spotify.com/v1/artists/6hl5k4gLl1p3sjhHcb57t2,6hl5k4gLl1p3sjhHcb57t2,"[{'height': 640, 'url': 'https://i.scdn.co/image/ab6761610000e5eb9a2562902da09e868585a2d3', 'width': 640}, {'height': 320, 'url': 'https://i.scdn.co/image/ab676161000051749a2562902da09e868585a2d3', 'width': 320}, {'height': 160, 'url': 'https://i.scdn.co/image/ab6761610000f1789a2562902da09e868585a2d3', 'width': 160}]",Circa Waves,51,artist,spotify:artist:6hl5k4gLl1p3sjhHcb57t2,https://open.spotify.com/artist/6hl5k4gLl1p3sjhHcb57t2,,312762,long_term
[],https://api.spotify.com/v1/artists/1KP6TWI40m7p3QBTU6u2xo,1KP6TWI40m7p3QBTU6u2xo,"[{'height': 640, 'url': 'https://i.scdn.co/image/ab6761610000e5eb252d35c84fb363ff13fc0026', 'width': 640}, {'height': 320, 'url': 'https://i.scdn.co/image/ab67616100005174252d35c84fb363ff13fc0026', 'width': 320}, {'height': 160, 'url': 'https://i.scdn.co/image/ab6761610000f178252d35c84fb363ff13fc0026', 'width': 160}]",BØRNS,67,artist,spotify:artist:1KP6TWI40m7p3QBTU6u2xo,https://open.spotify.com/artist/1KP6TWI40m7p3QBTU6u2xo,,1379491,long_term
[],https://api.spotify.com/v1/artists/2OK16hAFRHoJiFZKeZe8A8,2OK16hAFRHoJiFZKeZe8A8,"[{'height': 640, 'url': 'https://i.scdn.co/image/ab6761610000e5ebede01615b215c2038409672f', 'width': 640}, {'height': 320, 'url': 'https://i.scdn.co/image/ab67616100005174ede01615b215c2038409672f', 'width': 320}, {'height': 160, 'url': 'https://i.scdn.co/image/ab6761610000f178ede01615b215c2038409672f', 'width': 160}]",courtship.,31,artist,spotify:artist:2OK16hAFRHoJiFZKeZe8A8,https://open.spotify.com/artist/2OK16hAFRHoJiFZKeZe8A8,,63986,long_term
[],https://api.spotify.com/v1/artists/6KImCVD70vtIoJWnq6nGn3,6KImCVD70vtIoJWnq6nGn3,"[{'height': 640, 'url': 'https://i.scdn.co/image/ab6761610000e5ebf7db7c8ede90a019c54590bb', 'width': 640}, {'height': 320, 'url': 'https://i.scdn.co/image/ab67616100005174f7db7c8ede90a019c54590bb', 'width': 320}, {'height': 160, 'url': 'https://i.scdn.co/image/ab6761610000f178f7db7c8ede90a019c54590bb', 'width': 160}]",Harry Styles,82,artist,spotify:artist:6KImCVD70vtIoJWnq6nGn3,https://open.spotify.com/artist/6KImCVD70vtIoJWnq6nGn3,,34259684,long_term
[],https://api.spotify.com/v1/artists/75EZuo5MHV2572NRpMWotC,75EZuo5MHV2572NRpMWotC,"[{'height': 640, 'url': 'https://i.scdn.co/image/ab6761610000e5ebdfebb0fd90a920e471751001', 'width': 640}, {'height': 320, 'url': 'https://i.scdn.co/image/ab67616100005174dfebb0fd90a920e471751001', 'width': 320}, {'height': 160, 'url': 'https://i.scdn.co/image/ab6761610000f178dfebb0fd90a920e471751001', 'width': 160}]",Crystal Fighters,49,artist,spotify:artist:75EZuo5MHV2572NRpMWotC,https://open.spotify.com/artist/75EZuo5MHV2572NRpMWotC,,351383,long_term
['reggaeton'],https://api.spotify.com/v1/artists/5H1nN1SzW0qNeUEZvuXjAj,5H1nN1SzW0qNeUEZvuXjAj,"[{'height': 640, 'url': 'https://i.scdn.co/image/ab6761610000e5ebb485cde5cba6de6e5685278a', 'width': 640}, {'height': 320, 'url': 'https://i.scdn.co/image/ab67616100005174b485cde5cba6de6e5685278a', 'width': 320}, {'height': 160, 'url': 'https://i.scdn.co/image/ab6761610000f178b485cde5cba6de6e5685278a', 'width': 160}]",Danny Ocean,81,artist,spotify:artist:5H1nN1SzW0qNeUEZvuXjAj,https://open.spotify.com/artist/5H1nN1SzW0qNeUEZvuXjAj,,6591851,long_term
['indie'],https://api.spotify.com/v1/artists/536BYVgOnRky0xjsPT96zl,536BYVgOnRky0xjsPT96zl,"[{'height': 640, 'url': 'https://i.scdn.co/image/ab6761610000e5eb86faeb97a905a571b2c361a0', 'width': 640}, {'height': 320, 'url': 'https://i.scdn.co/image/ab6761610000517486faeb97a905a571b2c361a0', 'width': 320}, {'height': 160, 'url': 'https://i.scdn.co/image/ab6761610000f17886faeb97a905a571b2c361a0', 'width': 160}]",Two Door Cinema Club,68,artist,spotify:artist:536BYVgOnRky0xjsPT96zl,https://open.spotify.com/artist/536BYVgOnRky0xjsPT96zl,,2554964,long_term
[],https://api.spotify.com/v1/artists/7I3bkknknQkIiatWiupQgD,7I3bkknknQkIiatWiupQgD,"[{'height': 640, 'url': 'https://i.scdn.co/image/ab6761610000e5eb5f316929b9b3b61a5edb8139', 'width': 640}, {'height': 320, 'url': 'https://i.scdn.co/image/ab676161000051745f316929b9b3b61a5edb8139', 'width': 320}, {'height': 160, 'url': 'https://i.scdn.co/image/ab6761610000f1785f316929b9b3b61a5edb8139', 'width': 160}]",Beach Weather,67,artist,spotify:artist:7I3bkknknQkIiatWiupQgD,https://open.spotify.com/artist/7I3bkknknQkIiatWiupQgD,,1027580,long_term
[],https://api.spotify.com/v1/artists/2RQXRUsr4IW1f3mKyKsy4B,2RQXRUsr4IW1f3mKyKsy4B,"[{'height': 640, 'url': 'https://i.scdn.co/image/ab6761610000e5eb8c52b10e110f62fe45761590', 'width': 640}, {'height': 320, 'url': 'https://i.scdn.co/image/ab676161000051748c52b10e110f62fe45761590', 'width': 320}, {'height': 160, 'url': 'https://i.scdn.co/image/ab6761610000f1788c52b10e110f62fe45761590', 'width': 160}]",Noah Kahan,84,artist,spotify:artist:2RQXRUsr4IW1f3mKyKsy4B,https://open.spotify.com/artist/2RQXRUsr4IW1f3mKyKsy4B,,4434477,long_term
[],https://api.spotify.com/v1/artists/0YhUSm86okLWldQVwJkLlP,0YhUSm86okLWldQVwJkLlP,"[{'height': 640, 'url': 'https://i.scdn.co/image/ab6761610000e5eb14bdca85282f9980069cc350', 'width': 640}, {'height': 320, 'url': 'https://i.scdn.co/image/ab6761610000517414bdca85282f9980069cc350', 'width': 320}, {'height': 160, 'url': 'https://i.scdn.co/image/ab6761610000f17814bdca85282f9980069cc350', 'width': 160}]",Bad Suns,56,artist,spotify:artist:0YhUSm86okLWldQVwJkLlP,https://open.spotify.com/artist/0YhUSm86okLWldQVwJkLlP,,499398,long_term
[],https://api.spotify.com/v1/artists/5Rr15NSbi1Xjno1AEP9u21,5Rr15NSbi1Xjno1AEP9u21,"[{'height': 640, 'url': 'https://i.scdn.co/image/ab6761610000e5eb7bf2565ac21c50a07050c2e5', 'width': 640}, {'height': 320, 'url': 'https://i.scdn.co/image/ab676161000051747bf2565ac21c50a07050c2e5', 'width': 320}, {'height': 160, 'url': 'https://i.scdn.co/image/ab6761610000f1787bf2565ac21c50a07050c2e5', 'width': 160}]",Dan Croll,39,artist,spotify:artist:5Rr15NSbi1Xjno1AEP9u21,https://open.spotify.com/artist/5Rr15NSbi1Xjno1AEP9u21,,114048,long_term
[],https://api.spotify.com/v1/artists/06HL4z0CvFAxyc27GXpf02,06HL4z0CvFAxyc27GXpf02,"[{'height': 640, 'url': 'https://i.scdn.co/image/ab6761610000e5ebe2e8e7ff002a4afda1c7147e', 'width': 640}, {'height': 320, 'url': 'https://i.scdn.co/image/ab67616100005174e2e8e7ff002a4afda1c7147e', 'width': 320}, {'height': 160, 'url': 'https://i.scdn.co/image/ab6761610000f178e2e8e7ff002a4afda1c7147e', 'width': 160}]",Taylor Swift,100,artist,spotify:artist:06HL4z0CvFAxyc27GXpf02,https://open.spotify.com/artist/06HL4z0CvFAxyc27GXpf02,,147186141,long_term
[],https://api.spotify.com/v1/artists/4yvcSjfu4PC0CYQyLy4wSq,4yvcSjfu4PC0CYQyLy4wSq,"[{'height': 640, 'url': 'https://i.scdn.co/image/ab6761610000e5ebeb2cc96b0ed023c5e3675b6f', 'width': 640}, {'height': 320, 'url': 'https://i.scdn.co/image/ab67616100005174eb2cc96b0ed023c5e3675b6f', 'width': 320}, {'height': 160, 'url': 'https://i.scdn.co/image/ab6761610000f178eb2cc96b0ed023c5e3675b6f', 'width': 160}]",Glass Animals,75,artist,spotify:artist:4yvcSjfu4PC0CYQyLy4wSq,https://open.spotify.com/artist/4yvcSjfu4PC0CYQyLy4wSq,,4588975,long_term
['indie'],https://api.spotify.com/v1/artists/582KhTHEVOONNQLmQ5612r,582KhTHEVOONNQLmQ5612r,"[{'height': 640, 'url': 'https://i.scdn.co/image/ab6761610000e5ebe6f42fb00b849720936df798', 'width': 640}, {'height': 320, 'url': 'https://i.scdn.co/image/ab67616100005174e6f42fb00b849720936df798', 'width': 320}, {'height': 160, 'url': 'https://i.scdn.co/image/ab6761610000f178e6f42fb00b849720936df798', 'width': 160}]",Calcutta ,64,artist,spotify:artist:582KhTHEVOONNQLmQ5612r,https://open.spotify.com/artist/582KhTHEVOONNQLmQ5612r,,931040,long_term
[],https://api.spotify.com/v1/artists/26T3LtbuGT1Fu9m0eRq5X3,26T3LtbuGT1Fu9m0eRq5X3,"[{'height': 640, 'url': 'https://i.scdn.co/image/ab6761610000e5eb766df8f443e0160f7b35545d', 'width': 640}, {'height': 320, 'url': 'https://i.scdn.co/image/ab67616100005174766df8f443e0160f7b35545d', 'width': 320}, {'height': 160, 'url': 'https://i.scdn.co/image/ab6761610000f178766df8f443e0160f7b35545d', 'width': 160}]",Cage The Elephant,74,artist,spotify:artist:26T3LtbuGT1Fu9m0eRq5X3,https://open.spotify.com/artist/26T3LtbuGT1Fu9m0eRq5X3,,4321337,long_term
['surf rock'],https://api.spotify.com/v1/artists/6yrtCy4XJHXM6tczo4RlTs,6yrtCy4XJHXM6tczo4RlTs,"[{'height': 640, 'url': 'https://i.scdn.co/image/ab6761610000e5eb34660d01a37a353e8783c89d', 'width': 640}, {'height': 320, 'url': 'https://i.scdn.co/image/ab6761610000517434660d01a37a353e8783c89d', 'width': 320}, {'height': 160, 'url': 'https://i.scdn.co/image/ab6761610000f17834660d01a37a353e8783c89d', 'width': 160}]",Lime Cordiale,57,artist,spotify:artist:6yrtCy4XJHXM6tczo4RlTs,https://open.spotify.com/artist/6yrtCy4XJHXM6tczo4RlTs,,335479,long_term
[],https://api.spotify.com/v1/artists/22wbnEMDvgVIAGdFeek6ET,22wbnEMDvgVIAGdFeek6ET,"[{'height': 640, 'url': 'https://i.scdn.co/image/ab6761610000e5ebb68234e1a673acc3d873d3e6', 'width': 640}, {'height': 320, 'url': 'https://i.scdn.co/image/ab67616100005174b68234e1a673acc3d873d3e6', 'width': 320}, {'height': 160, 'url': 'https://i.scdn.co/image/ab6761610000f178b68234e1a673acc3d873d3e6', 'width': 160}]",Benson Boone,84,artist,spotify:artist:22wbnEMDvgVIAGdFeek6ET,https://open.spotify.com/artist/22wbnEMDvgVIAGdFeek6ET,,7237674,long_term
[],https://api.spotify.com/v1/artists/716ZwtZBmwROBXcFmCzfdM,716ZwtZBmwROBXcFmCzfdM,"[{'height': 640, 'url': 'https://i.scdn.co/image/ab6761610000e5ebb77cab9ceaae03e469b5890b', 'width': 640}, {'height': 320, 'url': 'https://i.scdn.co/image/ab67616100005174b77cab9ceaae03e469b5890b', 'width': 320}, {'height': 160, 'url': 'https://i.scdn.co/image/ab6761610000f178b77cab9ceaae03e469b5890b', 'width': 160}]",Andrew McMahon in the Wilderness,46,artist,spotify:artist:716ZwtZBmwROBXcFmCzfdM,https://open.spotify.com/artist/716ZwtZBmwROBXcFmCzfdM,,199145,long_term
[],https://api.spotify.com/v1/artists/1XyjBsbZBunXsYDTkaYtk9,1XyjBsbZBunXsYDTkaYtk9,"[{'height': 640, 'url': 'https://i.scdn.co/image/ab6761610000e5eb179b2ce632ea8895dcafa61e', 'width': 640}, {'height': 320, 'url': 'https://i.scdn.co/image/ab67616100005174179b2ce632ea8895dcafa61e', 'width': 320}, {'height': 160, 'url': 'https://i.scdn.co/image/ab6761610000f178179b2ce632ea8895dcafa61e', 'width': 160}]",Knox Hamilton,34,artist,spotify:artist:1XyjBsbZBunXsYDTkaYtk9,https://open.spotify.com/artist/1XyjBsbZBunXsYDTkaYtk9,,38770,long_term
['soft pop'],https://api.spotify.com/v1/artists/6eUKZXaKkcviH0Ku9w2n3V,6eUKZXaKkcviH0Ku9w2n3V,"[{'height': 640, 'url': 'https://i.scdn.co/image/ab6761610000e5ebd55c95ad400aed87da52daec', 'width': 640}, {'height': 320, 'url': 'https://i.scdn.co/image/ab67616100005174d55c95ad400aed87da52daec', 'width': 320}, {'height': 160, 'url': 'https://i.scdn.co/image/ab6761610000f178d55c95ad400aed87da52daec', 'width': 160}]",Ed Sheeran,90,artist,spotify:artist:6eUKZXaKkcviH0Ku9w2n3V,https://open.spotify.com/artist/6eUKZXaKkcviH0Ku9w2n3V,,123360897,long_term
[],https://api.spotify.com/v1/artists/4ETSs924pXMzjIeD6E9b4u,4ETSs924pXMzjIeD6E9b4u,"[{'height': 640, 'url': 'https://i.scdn.co/image/ab6761610000e5ebcfdf34f73285254900911485', 'width': 640}, {'height': 320, 'url': 'https://i.scdn.co/image/ab67616100005174cfdf34f73285254900911485', 'width': 320}, {'height': 160, 'url': 'https://i.scdn.co/image/ab6761610000f178cfdf34f73285254900911485', 'width': 160}]",Surfaces,62,artist,spotify:artist:4ETSs924pXMzjIeD6E9b4u,https://open.spotify.com/artist/4ETSs924pXMzjIeD6E9b4u,,986315,long_term
[],https://api.spotify.com/v1/artists/7n2wHs1TKAczGzO7Dd2rGr,7n2wHs1TKAczGzO7Dd2rGr,"[{'height': 640, 'url': 'https://i.scdn.co/image/ab6761610000e5eb58b4b9419486550f6fda0535', 'width': 640}, {'height': 320, 'url': 'https://i.scdn.co/image/ab6761610000517458b4b9419486550f6fda0535', 'width': 320}, {'height': 160, 'url': 'https://i.scdn.co/image/ab6761610000f17858b4b9419486550f6fda0535', 'width': 160}]",Shawn Mendes,83,artist,spotify:artist:7n2wHs1TKAczGzO7Dd2rGr,https://open.spotify.com/artist/7n2wHs1TKAczGzO7Dd2rGr,,45852723,long_term
"['punjabi hip hop', 'punjabi pop', 'desi', 'bhangra', 'desi hip hop']",https://api.spotify.com/v1/artists/6LEG9Ld1aLImEFEVHdWNSB,6LEG9Ld1aLImEFEVHdWNSB,"[{'height': 640, 'url': 'https://i.scdn.co/image/ab6761610000e5ebfb505b37709fa86cfd8f55b3', 'width': 640}, {'height': 320, 'url': 'https://i.scdn.co/image/ab67616100005174fb505b37709fa86cfd8f55b3', 'width': 320}, {'height': 160, 'url': 'https://i.scdn.co/image/ab6761610000f178fb505b37709fa86cfd8f55b3', 'width': 160}]",AP Dhillon,77,artist,spotify:artist:6LEG9Ld1aLImEFEVHdWNSB,https://open.spotify.com/artist/6LEG9Ld1aLImEFEVHdWNSB,,8998095,long_term
